Year,Month,DayofMonth,DayOfWeek,DepTime,CRSDepTime,ArrTime,CRSArrTime,UniqueCarrier,FlightNum,TailNum,ActualElapsedTime,CRSElapsedTime,AirTime,ArrDelay,DepDelay,Origin,Dest,Distance,TaxiIn,TaxiOut,Cancelled,CancellationCode,Diverted,CarrierDelay,WeatherDelay,NASDelay,SecurityDelay,LateAircraftDelay
1991,1,1,2,1709,1705,1944,1944,US,112,NA,155,159,NA,0,4,TPA,SYR,1104,NA,NA,0,NA,0,NA,NA,NA,NA,NA
1991,1,2,3,1704,1705,1946,1944,US,112,NA,162,159,NA,2,-1,TPA,SYR,1104,NA,NA,0,NA,0,NA,NA,NA,NA,NA
1991,1,3,4,1705,1705,1934,1944,US,112,NA,149,159,NA,-10,0,TPA,SYR,1104,NA,NA,0,NA,0,NA,NA,NA,NA,NA
1991,1,4,5,1709,1705,1951,1944,US,112,NA,162,159,NA,7,4,TPA,SYR,1104,NA,NA,0,NA,0,NA,NA,NA,NA,NA
1991,1,5,6,1703,1705,1936,1944,US,112,NA,153,159,NA,-8,-2,TPA,SYR,1104,NA,NA,0,NA,0,NA,NA,NA,NA,NA
1991,1,6,7,1711,1705,1949,1944,US,112,NA,158,159,NA,5,6,TPA,SYR,1104,NA,NA,0,NA,0,NA,NA,NA,NA,NA
1991,1,7,1,1711,1705,1946,1944,US,112,NA,155,159,NA,2,6,TPA,SYR,1104,NA,NA,0,NA,0,NA,NA,NA,NA,NA
1991,1,8,2,1704,1705,1934,1944,US,112,NA,150,159,NA,-10,-1,TPA,SYR,1104,NA,NA,0,NA,0,NA,NA,NA,NA,NA
1991,1,9,3,1805,1705,2042,1944,US,112,NA,157,159,NA,58,60,TPA,SYR,1104,NA,NA,0,NA,0,NA,NA,NA,NA,NA
1991,1,10,4,1703,1705,1946,1944,US,112,NA,163,159,NA,2,-2,TPA,SYR,1104,NA,NA,0,NA,0,NA,NA,NA,NA,NA
1991,1,11,5,1706,1705,2014,1944,US,112,NA,188,159,NA,30,1,TPA,SYR,1104,NA,NA,0,NA,0,NA,NA,NA,NA,NA
1991,1,12,6,1702,1705,1926,1944,US,112,NA,144,159,NA,-18,-3,TPA,SYR,1104,NA,NA,0,NA,0,NA,NA,NA,NA,NA
1991,1,13,7,1705,1705,1941,1944,US,112,NA,156,159,NA,-3,0,TPA,SYR,1104,NA,NA,0,NA,0,NA,NA,NA,NA,NA
1991,1,14,1,1703,1705,1942,1944,US,112,NA,159,159,NA,-2,-2,TPA,SYR,1104,NA,NA,0,NA,0,NA,NA,NA,NA,NA
1991,1,15,2,1701,1705,1932,1944,US,112,NA,151,159,NA,-12,-4,TPA,SYR,1104,NA,NA,0,NA,0,NA,NA,NA,NA,NA
1991,1,16,3,1723,1705,1945,1944,US,112,NA,142,159,NA,1,18,TPA,SYR,1104,NA,NA,0,NA,0,NA,NA,NA,NA,NA
1991,1,17,4,1706,1705,1943,1944,US,112,NA,157,159,NA,-1,1,TPA,SYR,1104,NA,NA,0,NA,0,NA,NA,NA,NA,NA
1991,1,18,5,1704,1705,2000,1944,US,112,NA,176,159,NA,16,-1,TPA,SYR,1104,NA,NA,0,NA,0,NA,NA,NA,NA,NA
1991,1,19,6,1701,1705,1927,1944,US,112,NA,146,159,NA,-17,-4,TPA,SYR,1104,NA,NA,0,NA,0,NA,NA,NA,NA,NA
1991,1,20,7,1702,1705,1939,1944,US,112,NA,157,159,NA,-5,-3,TPA,SYR,1104,NA,NA,0,NA,0,NA,NA,NA,NA,NA
1991,1,21,1,1702,1705,1935,1944,US,112,NA,153,159,NA,-9,-3,TPA,SYR,1104,NA,NA,0,NA,0,NA,NA,NA,NA,NA
1991,1,22,2,1704,1705,1943,1944,US,112,NA,159,159,NA,-1,-1,TPA,SYR,1104,NA,NA,0,NA,0,NA,NA,NA,NA,NA
1991,1,23,3,1704,1705,1938,1944,US,112,NA,154,159,NA,-6,-1,TPA,SYR,1104,NA,NA,0,NA,0,NA,NA,NA,NA,NA
1991,1,24,4,1704,1705,1935,1944,US,112,NA,151,159,NA,-9,-1,TPA,SYR,1104,NA,NA,0,NA,0,NA,NA,NA,NA,NA
1991,1,25,5,1703,1705,1931,1944,US,112,NA,148,159,NA,-13,-2,TPA,SYR,1104,NA,NA,0,NA,0,NA,NA,NA,NA,NA
1991,1,26,6,1704,1705,1937,1944,US,112,NA,153,159,NA,-7,-1,TPA,SYR,1104,NA,NA,0,NA,0,NA,NA,NA,NA,NA
1991,1,27,7,1703,1705,1931,1944,US,112,NA,148,159,NA,-13,-2,TPA,SYR,1104,NA,NA,0,NA,0,NA,NA,NA,NA,NA
1991,1,28,1,1703,1705,1933,1944,US,112,NA,150,159,NA,-11,-2,TPA,SYR,1104,NA,NA,0,NA,0,NA,NA,NA,NA,NA
1991,1,29,2,1703,1705,1931,1944,US,112,NA,148,159,NA,-13,-2,TPA,SYR,1104,NA,NA,0,NA,0,NA,NA,NA,NA,NA
1991,1,30,3,1721,1705,1948,1944,US,112,NA,147,159,NA,4,16,TPA,SYR,1104,NA,NA,0,NA,0,NA,NA,NA,NA,NA
1991,1,31,4,1702,1705,1943,1944,US,112,NA,161,159,NA,-1,-3,TPA,SYR,1104,NA,NA,0,NA,0,NA,NA,NA,NA,NA
1991,1,1,2,1204,1200,1239,1243,US,114,NA,35,43,NA,-4,4,CLE,PIT,105,NA,NA,0,NA,0,NA,NA,NA,NA,NA
1991,1,2,3,1159,1200,1239,1243,US,114,NA,40,43,NA,-4,-1,CLE,PIT,105,NA,NA,0,NA,0,NA,NA,NA,NA,NA
1991,1,3,4,1159,1200,1242,1243,US,114,NA,43,43,NA,-1,-1,CLE,PIT,105,NA,NA,0,NA,0,NA,NA,NA,NA,NA
1991,1,4,5,1159,1200,1236,1243,US,114,NA,37,43,NA,-7,-1,CLE,PIT,105,NA,NA,0,NA,0,NA,NA,NA,NA,NA
1991,1,5,6,1202,1200,1307,1243,US,114,NA,65,43,NA,24,2,CLE,PIT,105,NA,NA,0,NA,0,NA,NA,NA,NA,NA
1991,1,6,7,1158,1200,1244,1243,US,114,NA,46,43,NA,1,-2,CLE,PIT,105,NA,NA,0,NA,0,NA,NA,NA,NA,NA
1991,1,7,1,1201,1200,1243,1243,US,114,NA,42,43,NA,0,1,CLE,PIT,105,NA,NA,0,NA,0,NA,NA,NA,NA,NA
1991,1,8,2,950,950,1208,1202,US,114,NA,78,72,NA,6,0,MDW,PIT,402,NA,NA,0,NA,0,NA,NA,NA,NA,NA
1991,1,9,3,959,950,1234,1202,US,114,NA,95,72,NA,32,9,MDW,PIT,402,NA,NA,0,NA,0,NA,NA,NA,NA,NA
1991,1,10,4,950,950,1205,1202,US,114,NA,75,72,NA,3,0,MDW,PIT,402,NA,NA,0,NA,0,NA,NA,NA,NA,NA
1991,1,11,5,952,950,1212,1202,US,114,NA,80,72,NA,10,2,MDW,PIT,402,NA,NA,0,NA,0,NA,NA,NA,NA,NA
1991,1,12,6,952,950,1219,1202,US,114,NA,87,72,NA,17,2,MDW,PIT,402,NA,NA,0,NA,0,NA,NA,NA,NA,NA
1991,1,14,1,950,950,1155,1202,US,114,NA,65,72,NA,-7,0,MDW,PIT,402,NA,NA,0,NA,0,NA,NA,NA,NA,NA
1991,1,15,2,1102,950,1342,1202,US,114,NA,100,72,NA,100,72,MDW,PIT,402,NA,NA,0,NA,0,NA,NA,NA,NA,NA
1991,1,17,4,950,950,1231,1202,US,114,NA,101,72,NA,29,0,MDW,PIT,402,NA,NA,0,NA,0,NA,NA,NA,NA,NA
1991,1,18,5,951,950,1203,1202,US,114,NA,72,72,NA,1,1,MDW,PIT,402,NA,NA,0,NA,0,NA,NA,NA,NA,NA
1991,1,19,6,NA,950,NA,1202,US,114,NA,NA,72,NA,NA,NA,MDW,PIT,402,NA,NA,1,NA,0,NA,NA,NA,NA,NA
1991,1,20,7,950,950,1153,1202,US,114,NA,63,72,NA,-9,0,MDW,PIT,402,NA,NA,0,NA,0,NA,NA,NA,NA,NA
1991,1,21,1,950,950,1205,1202,US,114,NA,75,72,NA,3,0,MDW,PIT,402,NA,NA,0,NA,0,NA,NA,NA,NA,NA
1991,1,22,2,949,950,1203,1202,US,114,NA,74,72,NA,1,-1,MDW,PIT,402,NA,NA,0,NA,0,NA,NA,NA,NA,NA
1991,1,23,3,949,950,1202,1202,US,114,NA,73,72,NA,0,-1,MDW,PIT,402,NA,NA,0,NA,0,NA,NA,NA,NA,NA
1991,1,24,4,950,950,1200,1202,US,114,NA,70,72,NA,-2,0,MDW,PIT,402,NA,NA,0,NA,0,NA,NA,NA,NA,NA
1991,1,25,5,950,950,1158,1202,US,114,NA,68,72,NA,-4,0,MDW,PIT,402,NA,NA,0,NA,0,NA,NA,NA,NA,NA
1991,1,26,6,NA,950,NA,1202,US,114,NA,NA,72,NA,NA,NA,MDW,PIT,402,NA,NA,1,NA,0,NA,NA,NA,NA,NA
1991,1,27,7,949,950,1152,1202,US,114,NA,63,72,NA,-10,-1,MDW,PIT,402,NA,NA,0,NA,0,NA,NA,NA,NA,NA
1991,1,28,1,948,950,1155,1202,US,114,NA,67,72,NA,-7,-2,MDW,PIT,402,NA,NA,0,NA,0,NA,NA,NA,NA,NA
1991,1,29,2,1002,950,1212,1202,US,114,NA,70,72,NA,10,12,MDW,PIT,402,NA,NA,0,NA,0,NA,NA,NA,NA,NA
1991,1,30,3,1005,950,1224,1202,US,114,NA,79,72,NA,22,15,MDW,PIT,402,NA,NA,0,NA,0,NA,NA,NA,NA,NA
1991,1,31,4,948,950,1201,1202,US,114,NA,73,72,NA,-1,-2,MDW,PIT,402,NA,NA,0,NA,0,NA,NA,NA,NA,NA
1991,1,1,2,1316,1315,1422,1423,US,114,NA,66,68,NA,-1,1,PIT,GSO,304,NA,NA,0,NA,0,NA,NA,NA,NA,NA
1991,1,2,3,1314,1315,1412,1423,US,114,NA,58,68,NA,-11,-1,PIT,GSO,304,NA,NA,0,NA,0,NA,NA,NA,NA,NA
1991,1,4,5,1316,1315,1416,1423,US,114,NA,60,68,NA,-7,1,PIT,GSO,304,NA,NA,0,NA,0,NA,NA,NA,NA,NA
1991,1,5,6,1331,1315,1441,1423,US,114,NA,70,68,NA,18,16,PIT,GSO,304,NA,NA,0,NA,0,NA,NA,NA,NA,NA
1991,1,6,7,1320,1315,1430,1423,US,114,NA,70,68,NA,7,5,PIT,GSO,304,NA,NA,0,NA,0,NA,NA,NA,NA,NA
1991,1,7,1,1313,1315,1414,1423,US,114,NA,61,68,NA,-9,-2,PIT,GSO,304,NA,NA,0,NA,0,NA,NA,NA,NA,NA
1991,1,8,2,1321,1320,1441,1425,US,114,NA,80,65,NA,16,1,PIT,SWF,328,NA,NA,0,NA,0,NA,NA,NA,NA,NA
1991,1,9,3,1321,1320,1446,1425,US,114,NA,85,65,NA,21,1,PIT,SWF,328,NA,NA,0,NA,0,NA,NA,NA,NA,NA
1991,1,10,4,1321,1320,1433,1425,US,114,NA,72,65,NA,8,1,PIT,SWF,328,NA,NA,0,NA,0,NA,NA,NA,NA,NA
1991,1,11,5,1321,1320,1437,1425,US,114,NA,76,65,NA,12,1,PIT,SWF,328,NA,NA,0,NA,0,NA,NA,NA,NA,NA
1991,1,12,6,1321,1320,1440,1425,US,114,NA,79,65,NA,15,1,PIT,SWF,328,NA,NA,0,NA,0,NA,NA,NA,NA,NA
1991,1,14,1,1319,1320,1446,1425,US,114,NA,87,65,NA,21,-1,PIT,SWF,328,NA,NA,0,NA,0,NA,NA,NA,NA,NA
1991,1,15,2,1359,1320,1503,1425,US,114,NA,64,65,NA,38,39,PIT,SWF,328,NA,NA,0,NA,0,NA,NA,NA,NA,NA
1991,1,16,3,1317,1320,1418,1425,US,114,NA,61,65,NA,-7,-3,PIT,SWF,328,NA,NA,0,NA,0,NA,NA,NA,NA,NA
1991,1,17,4,1325,1320,1445,1425,US,114,NA,80,65,NA,20,5,PIT,SWF,328,NA,NA,0,NA,0,NA,NA,NA,NA,NA
1991,1,18,5,1324,1320,1455,1425,US,114,NA,91,65,NA,30,4,PIT,SWF,328,NA,NA,0,NA,0,NA,NA,NA,NA,NA
1991,1,19,6,1317,1320,1441,1425,US,114,NA,84,65,NA,16,-3,PIT,SWF,328,NA,NA,0,NA,0,NA,NA,NA,NA,NA
1991,1,20,7,1320,1320,1437,1425,US,114,NA,77,65,NA,12,0,PIT,SWF,328,NA,NA,0,NA,0,NA,NA,NA,NA,NA
1991,1,21,1,1319,1320,1434,1425,US,114,NA,75,65,NA,9,-1,PIT,SWF,328,NA,NA,0,NA,0,NA,NA,NA,NA,NA
1991,1,22,2,1321,1320,1455,1425,US,114,NA,94,65,NA,30,1,PIT,SWF,328,NA,NA,0,NA,0,NA,NA,NA,NA,NA
1991,1,23,3,1318,1320,1434,1425,US,114,NA,76,65,NA,9,-2,PIT,SWF,328,NA,NA,0,NA,0,NA,NA,NA,NA,NA
1991,1,24,4,1317,1320,1428,1425,US,114,NA,71,65,NA,3,-3,PIT,SWF,328,NA,NA,0,NA,0,NA,NA,NA,NA,NA
1991,1,25,5,1330,1320,1446,1425,US,114,NA,76,65,NA,21,10,PIT,SWF,328,NA,NA,0,NA,0,NA,NA,NA,NA,NA
1991,1,26,6,1319,1320,1435,1425,US,114,NA,76,65,NA,10,-1,PIT,SWF,328,NA,NA,0,NA,0,NA,NA,NA,NA,NA
1991,1,27,7,1323,1320,1443,1425,US,114,NA,80,65,NA,18,3,PIT,SWF,328,NA,NA,0,NA,0,NA,NA,NA,NA,NA
1991,1,28,1,1319,1320,1443,1425,US,114,NA,84,65,NA,18,-1,PIT,SWF,328,NA,NA,0,NA,0,NA,NA,NA,NA,NA
1991,1,29,2,1319,1320,1441,1425,US,114,NA,82,65,NA,16,-1,PIT,SWF,328,NA,NA,0,NA,0,NA,NA,NA,NA,NA
1991,1,30,3,1319,1320,1509,1425,US,114,NA,110,65,NA,44,-1,PIT,SWF,328,NA,NA,0,NA,0,NA,NA,NA,NA,NA
1991,1,31,4,1320,1320,1428,1425,US,114,NA,68,65,NA,3,0,PIT,SWF,328,NA,NA,0,NA,0,NA,NA,NA,NA,NA
1991,1,1,2,1406,1405,1516,1516,US,115,NA,70,71,NA,0,1,BUF,JFK,301,NA,NA,0,NA,0,NA,NA,NA,NA,NA
1991,1,2,3,1403,1405,1509,1516,US,115,NA,66,71,NA,-7,-2,BUF,JFK,301,NA,NA,0,NA,0,NA,NA,NA,NA,NA
1991,1,3,4,1403,1405,1510,1516,US,115,NA,67,71,NA,-6,-2,BUF,JFK,301,NA,NA,0,NA,0,NA,NA,NA,NA,NA
1991,1,4,5,1411,1405,1519,1516,US,115,NA,68,71,NA,3,6,BUF,JFK,301,NA,NA,0,NA,0,NA,NA,NA,NA,NA
1991,1,5,6,1404,1405,1509,1516,US,115,NA,65,71,NA,-7,-1,BUF,JFK,301,NA,NA,0,NA,0,NA,NA,NA,NA,NA
1991,1,6,7,1408,1405,1512,1516,US,115,NA,64,71,NA,-4,3,BUF,JFK,301,NA,NA,0,NA,0,NA,NA,NA,NA,NA
1991,1,7,1,1405,1405,1510,1516,US,115,NA,65,71,NA,-6,0,BUF,JFK,301,NA,NA,0,NA,0,NA,NA,NA,NA,NA
1991,1,8,2,1405,1405,1521,1515,US,115,NA,76,70,NA,6,0,BUF,JFK,301,NA,NA,0,NA,0,NA,NA,NA,NA,NA
1991,1,9,3,1411,1405,1528,1515,US,115,NA,77,70,NA,13,6,BUF,JFK,301,NA,NA,0,NA,0,NA,NA,NA,NA,NA
1991,1,10,4,1405,1405,1511,1515,US,115,NA,66,70,NA,-4,0,BUF,JFK,301,NA,NA,0,NA,0,NA,NA,NA,NA,NA
1991,1,11,5,1453,1405,1640,1515,US,115,NA,107,70,NA,85,48,BUF,JFK,301,NA,NA,0,NA,0,NA,NA,NA,NA,NA
1991,1,12,6,1411,1405,1521,1515,US,115,NA,70,70,NA,6,6,BUF,JFK,301,NA,NA,0,NA,0,NA,NA,NA,NA,NA
1991,1,13,7,1403,1405,1525,1515,US,115,NA,82,70,NA,10,-2,BUF,JFK,301,NA,NA,0,NA,0,NA,NA,NA,NA,NA
1991,1,14,1,1404,1405,1514,1515,US,115,NA,70,70,NA,-1,-1,BUF,JFK,301,NA,NA,0,NA,0,NA,NA,NA,NA,NA
1991,1,15,2,1404,1405,1514,1515,US,115,NA,70,70,NA,-1,-1,BUF,JFK,301,NA,NA,0,NA,0,NA,NA,NA,NA,NA
1991,1,16,3,1526,1405,1646,1515,US,115,NA,80,70,NA,91,81,BUF,JFK,301,NA,NA,0,NA,0,NA,NA,NA,NA,NA
1991,1,17,4,1407,1405,1517,1515,US,115,NA,70,70,NA,2,2,BUF,JFK,301,NA,NA,0,NA,0,NA,NA,NA,NA,NA
1991,1,18,5,1405,1405,1511,1515,US,115,NA,66,70,NA,-4,0,BUF,JFK,301,NA,NA,0,NA,0,NA,NA,NA,NA,NA
1991,1,19,6,1406,1405,1514,1515,US,115,NA,68,70,NA,-1,1,BUF,JFK,301,NA,NA,0,NA,0,NA,NA,NA,NA,NA
1991,1,20,7,1403,1405,1508,1515,US,115,NA,65,70,NA,-7,-2,BUF,JFK,301,NA,NA,0,NA,0,NA,NA,NA,NA,NA
1991,1,21,1,1510,1405,1615,1515,US,115,NA,65,70,NA,60,65,BUF,JFK,301,NA,NA,0,NA,0,NA,NA,NA,NA,NA
1991,1,22,2,1403,1405,1511,1515,US,115,NA,68,70,NA,-4,-2,BUF,JFK,301,NA,NA,0,NA,0,NA,NA,NA,NA,NA
1991,1,23,3,1405,1405,1516,1515,US,115,NA,71,70,NA,1,0,BUF,JFK,301,NA,NA,0,NA,0,NA,NA,NA,NA,NA
1991,1,24,4,1407,1405,1510,1515,US,115,NA,63,70,NA,-5,2,BUF,JFK,301,NA,NA,0,NA,0,NA,NA,NA,NA,NA
1991,1,25,5,1405,1405,1522,1515,US,115,NA,77,70,NA,7,0,BUF,JFK,301,NA,NA,0,NA,0,NA,NA,NA,NA,NA
1991,1,26,6,1406,1405,1520,1515,US,115,NA,74,70,NA,5,1,BUF,JFK,301,NA,NA,0,NA,0,NA,NA,NA,NA,NA
1991,1,27,7,1444,1405,1557,1515,US,115,NA,73,70,NA,42,39,BUF,JFK,301,NA,NA,0,NA,0,NA,NA,NA,NA,NA
1991,1,28,1,1404,1405,1510,1515,US,115,NA,66,70,NA,-5,-1,BUF,JFK,301,NA,NA,0,NA,0,NA,NA,NA,NA,NA
1991,1,29,2,1403,1405,1508,1515,US,115,NA,65,70,NA,-7,-2,BUF,JFK,301,NA,NA,0,NA,0,NA,NA,NA,NA,NA
1991,1,30,3,1402,1405,1513,1515,US,115,NA,71,70,NA,-2,-3,BUF,JFK,301,NA,NA,0,NA,0,NA,NA,NA,NA,NA
1991,1,31,4,1412,1405,1515,1515,US,115,NA,63,70,NA,0,7,BUF,JFK,301,NA,NA,0,NA,0,NA,NA,NA,NA,NA
1991,1,8,2,1317,1320,1535,1541,US,116,NA,78,81,NA,-6,-3,BNA,PIT,462,NA,NA,0,NA,0,NA,NA,NA,NA,NA
1991,1,9,3,1326,1320,1547,1541,US,116,NA,81,81,NA,6,6,BNA,PIT,462,NA,NA,0,NA,0,NA,NA,NA,NA,NA
1991,1,10,4,1318,1320,1536,1541,US,116,NA,78,81,NA,-5,-2,BNA,PIT,462,NA,NA,0,NA,0,NA,NA,NA,NA,NA
1991,1,11,5,1318,1320,1535,1541,US,116,NA,77,81,NA,-6,-2,BNA,PIT,462,NA,NA,0,NA,0,NA,NA,NA,NA,NA
1991,1,12,6,1317,1320,1541,1541,US,116,NA,84,81,NA,0,-3,BNA,PIT,462,NA,NA,0,NA,0,NA,NA,NA,NA,NA
1991,1,13,7,1317,1320,1539,1541,US,116,NA,82,81,NA,-2,-3,BNA,PIT,462,NA,NA,0,NA,0,NA,NA,NA,NA,NA
1991,1,14,1,1319,1320,1537,1541,US,116,NA,78,81,NA,-4,-1,BNA,PIT,462,NA,NA,0,NA,0,NA,NA,NA,NA,NA
1991,1,15,2,1321,1320,1528,1541,US,116,NA,67,81,NA,-13,1,BNA,PIT,462,NA,NA,0,NA,0,NA,NA,NA,NA,NA
1991,1,16,3,1319,1320,1539,1541,US,116,NA,80,81,NA,-2,-1,BNA,PIT,462,NA,NA,0,NA,0,NA,NA,NA,NA,NA
1991,1,17,4,1316,1320,1537,1541,US,116,NA,81,81,NA,-4,-4,BNA,PIT,462,NA,NA,0,NA,0,NA,NA,NA,NA,NA
1991,1,18,5,1323,1320,1551,1541,US,116,NA,88,81,NA,10,3,BNA,PIT,462,NA,NA,0,NA,0,NA,NA,NA,NA,NA
1991,1,19,6,1319,1320,1528,1541,US,116,NA,69,81,NA,-13,-1,BNA,PIT,462,NA,NA,0,NA,0,NA,NA,NA,NA,NA
1991,1,20,7,1318,1320,1535,1541,US,116,NA,77,81,NA,-6,-2,BNA,PIT,462,NA,NA,0,NA,0,NA,NA,NA,NA,NA
1991,1,21,1,1315,1320,1536,1541,US,116,NA,81,81,NA,-5,-5,BNA,PIT,462,NA,NA,0,NA,0,NA,NA,NA,NA,NA
1991,1,22,2,1318,1320,1537,1541,US,116,NA,79,81,NA,-4,-2,BNA,PIT,462,NA,NA,0,NA,0,NA,NA,NA,NA,NA
1991,1,23,3,1320,1320,1544,1541,US,116,NA,84,81,NA,3,0,BNA,PIT,462,NA,NA,0,NA,0,NA,NA,NA,NA,NA
1991,1,24,4,1317,1320,1527,1541,US,116,NA,70,81,NA,-14,-3,BNA,PIT,462,NA,NA,0,NA,0,NA,NA,NA,NA,NA
1991,1,25,5,1319,1320,1534,1541,US,116,NA,75,81,NA,-7,-1,BNA,PIT,462,NA,NA,0,NA,0,NA,NA,NA,NA,NA
1991,1,26,6,1319,1320,1541,1541,US,116,NA,82,81,NA,0,-1,BNA,PIT,462,NA,NA,0,NA,0,NA,NA,NA,NA,NA
1991,1,27,7,1318,1320,1539,1541,US,116,NA,81,81,NA,-2,-2,BNA,PIT,462,NA,NA,0,NA,0,NA,NA,NA,NA,NA
1991,1,28,1,1317,1320,1529,1541,US,116,NA,72,81,NA,-12,-3,BNA,PIT,462,NA,NA,0,NA,0,NA,NA,NA,NA,NA
1991,1,29,2,1316,1320,1528,1541,US,116,NA,72,81,NA,-13,-4,BNA,PIT,462,NA,NA,0,NA,0,NA,NA,NA,NA,NA
1991,1,30,3,1317,1320,1536,1541,US,116,NA,79,81,NA,-5,-3,BNA,PIT,462,NA,NA,0,NA,0,NA,NA,NA,NA,NA
1991,1,31,4,1317,1320,1539,1541,US,116,NA,82,81,NA,-2,-3,BNA,PIT,462,NA,NA,0,NA,0,NA,NA,NA,NA,NA
1991,1,1,2,1554,1555,1653,1659,US,116,NA,59,64,NA,-6,-1,CLE,DCA,310,NA,NA,0,NA,0,NA,NA,NA,NA,NA
1991,1,2,3,1554,1555,1705,1659,US,116,NA,71,64,NA,6,-1,CLE,DCA,310,NA,NA,0,NA,0,NA,NA,NA,NA,NA
1991,1,3,4,1559,1555,1701,1659,US,116,NA,62,64,NA,2,4,CLE,DCA,310,NA,NA,0,NA,0,NA,NA,NA,NA,NA
1991,1,4,5,1613,1555,1712,1659,US,116,NA,59,64,NA,13,18,CLE,DCA,310,NA,NA,0,NA,0,NA,NA,NA,NA,NA
1991,1,5,6,1824,1555,1919,1659,US,116,NA,55,64,NA,140,149,CLE,DCA,310,NA,NA,0,NA,0,NA,NA,NA,NA,NA
1991,1,6,7,1601,1555,1707,1659,US,116,NA,66,64,NA,8,6,CLE,DCA,310,NA,NA,0,NA,0,NA,NA,NA,NA,NA
1991,1,7,1,1552,1555,1707,1659,US,116,NA,75,64,NA,8,-3,CLE,DCA,310,NA,NA,0,NA,0,NA,NA,NA,NA,NA
1991,1,8,2,1632,1635,1744,1747,US,116,NA,72,72,NA,-3,-3,PIT,ORF,330,NA,NA,0,NA,0,NA,NA,NA,NA,NA
1991,1,9,3,1644,1635,1754,1747,US,116,NA,70,72,NA,7,9,PIT,ORF,330,NA,NA,0,NA,0,NA,NA,NA,NA,NA
1991,1,10,4,1640,1635,1750,1747,US,116,NA,70,72,NA,3,5,PIT,ORF,330,NA,NA,0,NA,0,NA,NA,NA,NA,NA
1991,1,11,5,1639,1635,1747,1747,US,116,NA,68,72,NA,0,4,PIT,ORF,330,NA,NA,0,NA,0,NA,NA,NA,NA,NA
1991,1,12,6,1646,1635,1754,1747,US,116,NA,68,72,NA,7,11,PIT,ORF,330,NA,NA,0,NA,0,NA,NA,NA,NA,NA
1991,1,14,1,1635,1635,1757,1747,US,116,NA,82,72,NA,10,0,PIT,ORF,330,NA,NA,0,NA,0,NA,NA,NA,NA,NA
1991,1,15,2,1634,1635,1742,1747,US,116,NA,68,72,NA,-5,-1,PIT,ORF,330,NA,NA,0,NA,0,NA,NA,NA,NA,NA
1991,1,16,3,1638,1635,1748,1747,US,116,NA,70,72,NA,1,3,PIT,ORF,330,NA,NA,0,NA,0,NA,NA,NA,NA,NA
1991,1,17,4,1653,1635,1806,1747,US,116,NA,73,72,NA,19,18,PIT,ORF,330,NA,NA,0,NA,0,NA,NA,NA,NA,NA
1991,1,18,5,1646,1635,1749,1747,US,116,NA,63,72,NA,2,11,PIT,ORF,330,NA,NA,0,NA,0,NA,NA,NA,NA,NA
1991,1,19,6,1649,1635,1757,1747,US,116,NA,68,72,NA,10,14,PIT,ORF,330,NA,NA,0,NA,0,NA,NA,NA,NA,NA
1991,1,20,7,1633,1635,1735,1747,US,116,NA,62,72,NA,-12,-2,PIT,ORF,330,NA,NA,0,NA,0,NA,NA,NA,NA,NA
1991,1,21,1,1633,1635,1738,1747,US,116,NA,65,72,NA,-9,-2,PIT,ORF,330,NA,NA,0,NA,0,NA,NA,NA,NA,NA
1991,1,22,2,1631,1635,1744,1747,US,116,NA,73,72,NA,-3,-4,PIT,ORF,330,NA,NA,0,NA,0,NA,NA,NA,NA,NA
1991,1,23,3,1634,1635,1744,1747,US,116,NA,70,72,NA,-3,-1,PIT,ORF,330,NA,NA,0,NA,0,NA,NA,NA,NA,NA
1991,1,24,4,1630,1635,1745,1747,US,116,NA,75,72,NA,-2,-5,PIT,ORF,330,NA,NA,0,NA,0,NA,NA,NA,NA,NA
1991,1,25,5,NA,1635,NA,1747,US,116,NA,NA,72,NA,NA,NA,PIT,ORF,330,NA,NA,1,NA,0,NA,NA,NA,NA,NA
1991,1,26,6,1635,1635,1751,1747,US,116,NA,76,72,NA,4,0,PIT,ORF,330,NA,NA,0,NA,0,NA,NA,NA,NA,NA
1991,1,27,7,1636,1635,1746,1747,US,116,NA,70,72,NA,-1,1,PIT,ORF,330,NA,NA,0,NA,0,NA,NA,NA,NA,NA
1991,1,28,1,1635,1635,1746,1747,US,116,NA,71,72,NA,-1,0,PIT,ORF,330,NA,NA,0,NA,0,NA,NA,NA,NA,NA
1991,1,29,2,1635,1635,1745,1747,US,116,NA,70,72,NA,-2,0,PIT,ORF,330,NA,NA,0,NA,0,NA,NA,NA,NA,NA
1991,1,30,3,1635,1635,1750,1747,US,116,NA,75,72,NA,3,0,PIT,ORF,330,NA,NA,0,NA,0,NA,NA,NA,NA,NA
1991,1,31,4,1647,1635,1757,1747,US,116,NA,70,72,NA,10,12,PIT,ORF,330,NA,NA,0,NA,0,NA,NA,NA,NA,NA
1991,1,1,2,602,600,648,659,US,116,NA,46,59,NA,-11,2,RNO,SFO,192,NA,NA,0,NA,0,NA,NA,NA,NA,NA
1991,1,2,3,604,600,653,659,US,116,NA,49,59,NA,-6,4,RNO,SFO,192,NA,NA,0,NA,0,NA,NA,NA,NA,NA
1991,1,3,4,601,600,654,659,US,116,NA,53,59,NA,-5,1,RNO,SFO,192,NA,NA,0,NA,0,NA,NA,NA,NA,NA
1991,1,4,5,606,600,654,659,US,116,NA,48,59,NA,-5,6,RNO,SFO,192,NA,NA,0,NA,0,NA,NA,NA,NA,NA
1991,1,5,6,959,600,1143,659,US,116,NA,104,59,NA,284,239,RNO,SFO,192,NA,NA,0,NA,0,NA,NA,NA,NA,NA
1991,1,6,7,NA,600,NA,659,US,116,NA,NA,59,NA,NA,NA,RNO,SFO,192,NA,NA,1,NA,0,NA,NA,NA,NA,NA
1991,1,7,1,559,600,652,659,US,116,NA,53,59,NA,-7,-1,RNO,SFO,192,NA,NA,0,NA,0,NA,NA,NA,NA,NA
1991,1,1,2,736,735,1457,1511,US,116,NA,261,276,NA,-14,1,SFO,CLE,2161,NA,NA,0,NA,0,NA,NA,NA,NA,NA
1991,1,2,3,738,735,1505,1511,US,116,NA,267,276,NA,-6,3,SFO,CLE,2161,NA,NA,0,NA,0,NA,NA,NA,NA,NA
1991,1,3,4,733,735,1454,1511,US,116,NA,261,276,NA,-17,-2,SFO,CLE,2161,NA,NA,0,NA,0,NA,NA,NA,NA,NA
1991,1,4,5,734,735,1453,1511,US,116,NA,259,276,NA,-18,-1,SFO,CLE,2161,NA,NA,0,NA,0,NA,NA,NA,NA,NA
1991,1,5,6,1019,735,1754,1511,US,116,NA,275,276,NA,163,164,SFO,CLE,2161,NA,NA,0,NA,0,NA,NA,NA,NA,NA
1991,1,6,7,737,735,1500,1511,US,116,NA,263,276,NA,-11,2,SFO,CLE,2161,NA,NA,0,NA,0,NA,NA,NA,NA,NA
1991,1,7,1,732,735,1501,1511,US,116,NA,269,276,NA,-10,-3,SFO,CLE,2161,NA,NA,0,NA,0,NA,NA,NA,NA,NA
1991,1,1,2,1641,1635,1800,1758,US,118,NA,79,83,NA,2,6,CLT,BWI,361,NA,NA,0,NA,0,NA,NA,NA,NA,NA
1991,1,2,3,1632,1635,1750,1758,US,118,NA,78,83,NA,-8,-3,CLT,BWI,361,NA,NA,0,NA,0,NA,NA,NA,NA,NA
1991,1,3,4,1633,1635,1753,1758,US,118,NA,80,83,NA,-5,-2,CLT,BWI,361,NA,NA,0,NA,0,NA,NA,NA,NA,NA
1991,1,4,5,1635,1635,1753,1758,US,118,NA,78,83,NA,-5,0,CLT,BWI,361,NA,NA,0,NA,0,NA,NA,NA,NA,NA
1991,1,5,6,1639,1635,1756,1758,US,118,NA,77,83,NA,-2,4,CLT,BWI,361,NA,NA,0,NA,0,NA,NA,NA,NA,NA
1991,1,6,7,1647,1635,1755,1758,US,118,NA,68,83,NA,-3,12,CLT,BWI,361,NA,NA,0,NA,0,NA,NA,NA,NA,NA
1991,1,7,1,1640,1635,1818,1758,US,118,NA,98,83,NA,20,5,CLT,BWI,361,NA,NA,0,NA,0,NA,NA,NA,NA,NA
1991,1,8,2,1648,1625,1746,1717,US,118,NA,58,52,NA,29,23,CLT,OAJ,191,NA,NA,0,NA,0,NA,NA,NA,NA,NA
1991,1,9,3,1625,1625,1712,1717,US,118,NA,47,52,NA,-5,0,CLT,OAJ,191,NA,NA,0,NA,0,NA,NA,NA,NA,NA
1991,1,10,4,1625,1625,1710,1717,US,118,NA,45,52,NA,-7,0,CLT,OAJ,191,NA,NA,0,NA,0,NA,NA,NA,NA,NA
1991,1,11,5,1625,1625,1709,1717,US,118,NA,44,52,NA,-8,0,CLT,OAJ,191,NA,NA,0,NA,0,NA,NA,NA,NA,NA
1991,1,13,7,1625,1625,1707,1717,US,118,NA,42,52,NA,-10,0,CLT,OAJ,191,NA,NA,0,NA,0,NA,NA,NA,NA,NA
1991,1,14,1,1628,1625,1712,1717,US,118,NA,44,52,NA,-5,3,CLT,OAJ,191,NA,NA,0,NA,0,NA,NA,NA,NA,NA
1991,1,15,2,1628,1625,1711,1717,US,118,NA,43,52,NA,-6,3,CLT,OAJ,191,NA,NA,0,NA,0,NA,NA,NA,NA,NA
1991,1,16,3,1634,1625,1722,1717,US,118,NA,48,52,NA,5,9,CLT,OAJ,191,NA,NA,0,NA,0,NA,NA,NA,NA,NA
1991,1,17,4,1630,1625,1715,1717,US,118,NA,45,52,NA,-2,5,CLT,OAJ,191,NA,NA,0,NA,0,NA,NA,NA,NA,NA
1991,1,18,5,1621,1625,1705,1717,US,118,NA,44,52,NA,-12,-4,CLT,OAJ,191,NA,NA,0,NA,0,NA,NA,NA,NA,NA
1991,1,20,7,1620,1625,1658,1717,US,118,NA,38,52,NA,-19,-5,CLT,OAJ,191,NA,NA,0,NA,0,NA,NA,NA,NA,NA
1991,1,21,1,1639,1625,1727,1717,US,118,NA,48,52,NA,10,14,CLT,OAJ,191,NA,NA,0,NA,0,NA,NA,NA,NA,NA
1991,1,22,2,1731,1625,1821,1717,US,118,NA,50,52,NA,64,66,CLT,OAJ,191,NA,NA,0,NA,0,NA,NA,NA,NA,NA
1991,1,23,3,1633,1625,1719,1717,US,118,NA,46,52,NA,2,8,CLT,OAJ,191,NA,NA,0,NA,0,NA,NA,NA,NA,NA
1991,1,24,4,1629,1625,1721,1717,US,118,NA,52,52,NA,4,4,CLT,OAJ,191,NA,NA,0,NA,0,NA,NA,NA,NA,NA
1991,1,25,5,1623,1625,1710,1717,US,118,NA,47,52,NA,-7,-2,CLT,OAJ,191,NA,NA,0,NA,0,NA,NA,NA,NA,NA
1991,1,27,7,1629,1625,1721,1717,US,118,NA,52,52,NA,4,4,CLT,OAJ,191,NA,NA,0,NA,0,NA,NA,NA,NA,NA
1991,1,28,1,1630,1625,1715,1717,US,118,NA,45,52,NA,-2,5,CLT,OAJ,191,NA,NA,0,NA,0,NA,NA,NA,NA,NA
1991,1,29,2,1647,1625,1735,1717,US,118,NA,48,52,NA,18,22,CLT,OAJ,191,NA,NA,0,NA,0,NA,NA,NA,NA,NA
1991,1,30,3,1634,1625,1723,1717,US,118,NA,49,52,NA,6,9,CLT,OAJ,191,NA,NA,0,NA,0,NA,NA,NA,NA,NA
1991,1,31,4,1628,1625,1710,1717,US,118,NA,42,52,NA,-7,3,CLT,OAJ,191,NA,NA,0,NA,0,NA,NA,NA,NA,NA
1991,1,1,2,1500,1500,1541,1547,US,118,NA,41,47,NA,-6,0,MYR,CLT,156,NA,NA,0,NA,0,NA,NA,NA,NA,NA
1991,1,2,3,1457,1500,1554,1547,US,118,NA,57,47,NA,7,-3,MYR,CLT,156,NA,NA,0,NA,0,NA,NA,NA,NA,NA
1991,1,3,4,1500,1500,1540,1547,US,118,NA,40,47,NA,-7,0,MYR,CLT,156,NA,NA,0,NA,0,NA,NA,NA,NA,NA
1991,1,4,5,NA,1500,NA,1547,US,118,NA,NA,47,NA,NA,NA,MYR,CLT,156,NA,NA,1,NA,0,NA,NA,NA,NA,NA
1991,1,5,6,1458,1500,1602,1547,US,118,NA,64,47,NA,15,-2,MYR,CLT,156,NA,NA,0,NA,0,NA,NA,NA,NA,NA
1991,1,6,7,1457,1500,1612,1547,US,118,NA,75,47,NA,25,-3,MYR,CLT,156,NA,NA,0,NA,0,NA,NA,NA,NA,NA
1991,1,7,1,NA,1500,NA,1547,US,118,NA,NA,47,NA,NA,NA,MYR,CLT,156,NA,NA,1,NA,0,NA,NA,NA,NA,NA
1991,1,8,2,1523,1500,1620,1547,US,118,NA,57,47,NA,33,23,MYR,CLT,156,NA,NA,0,NA,0,NA,NA,NA,NA,NA
1991,1,9,3,1457,1500,1549,1547,US,118,NA,52,47,NA,2,-3,MYR,CLT,156,NA,NA,0,NA,0,NA,NA,NA,NA,NA
1991,1,10,4,1456,1500,1605,1547,US,118,NA,69,47,NA,18,-4,MYR,CLT,156,NA,NA,0,NA,0,NA,NA,NA,NA,NA
1991,1,11,5,1457,1500,1601,1547,US,118,NA,64,47,NA,14,-3,MYR,CLT,156,NA,NA,0,NA,0,NA,NA,NA,NA,NA
1991,1,13,7,1458,1500,1541,1547,US,118,NA,43,47,NA,-6,-2,MYR,CLT,156,NA,NA,0,NA,0,NA,NA,NA,NA,NA
1991,1,14,1,1458,1500,1558,1547,US,118,NA,60,47,NA,11,-2,MYR,CLT,156,NA,NA,0,NA,0,NA,NA,NA,NA,NA
1991,1,15,2,1457,1500,1559,1547,US,118,NA,62,47,NA,12,-3,MYR,CLT,156,NA,NA,0,NA,0,NA,NA,NA,NA,NA
1991,1,16,3,1456,1500,1548,1547,US,118,NA,52,47,NA,1,-4,MYR,CLT,156,NA,NA,0,NA,0,NA,NA,NA,NA,NA
1991,1,17,4,1458,1500,1558,1547,US,118,NA,60,47,NA,11,-2,MYR,CLT,156,NA,NA,0,NA,0,NA,NA,NA,NA,NA
1991,1,18,5,1458,1500,1542,1547,US,118,NA,44,47,NA,-5,-2,MYR,CLT,156,NA,NA,0,NA,0,NA,NA,NA,NA,NA
1991,1,20,7,1500,1500,1541,1547,US,118,NA,41,47,NA,-6,0,MYR,CLT,156,NA,NA,0,NA,0,NA,NA,NA,NA,NA
1991,1,21,1,1458,1500,1540,1547,US,118,NA,42,47,NA,-7,-2,MYR,CLT,156,NA,NA,0,NA,0,NA,NA,NA,NA,NA
1991,1,23,3,1459,1500,1600,1547,US,118,NA,61,47,NA,13,-1,MYR,CLT,156,NA,NA,0,NA,0,NA,NA,NA,NA,NA
1991,1,24,4,1455,1500,1557,1547,US,118,NA,62,47,NA,10,-5,MYR,CLT,156,NA,NA,0,NA,0,NA,NA,NA,NA,NA
1991,1,25,5,1459,1500,1550,1547,US,118,NA,51,47,NA,3,-1,MYR,CLT,156,NA,NA,0,NA,0,NA,NA,NA,NA,NA
1991,1,27,7,1457,1500,1549,1547,US,118,NA,52,47,NA,2,-3,MYR,CLT,156,NA,NA,0,NA,0,NA,NA,NA,NA,NA
1991,1,28,1,1459,1500,1559,1547,US,118,NA,60,47,NA,12,-1,MYR,CLT,156,NA,NA,0,NA,0,NA,NA,NA,NA,NA
1991,1,29,2,1458,1500,1612,1547,US,118,NA,74,47,NA,25,-2,MYR,CLT,156,NA,NA,0,NA,0,NA,NA,NA,NA,NA
1991,1,30,3,1457,1500,1610,1547,US,118,NA,73,47,NA,23,-3,MYR,CLT,156,NA,NA,0,NA,0,NA,NA,NA,NA,NA
1991,1,31,4,1500,1500,1543,1547,US,118,NA,43,47,NA,-4,0,MYR,CLT,156,NA,NA,0,NA,0,NA,NA,NA,NA,NA
1991,1,1,2,659,700,850,855,US,119,NA,111,115,NA,-5,-1,BWI,IND,515,NA,NA,0,NA,0,NA,NA,NA,NA,NA
1991,1,2,3,706,700,847,855,US,119,NA,101,115,NA,-8,6,BWI,IND,515,NA,NA,0,NA,0,NA,NA,NA,NA,NA
1991,1,3,4,659,700,855,855,US,119,NA,116,115,NA,0,-1,BWI,IND,515,NA,NA,0,NA,0,NA,NA,NA,NA,NA
1991,1,4,5,702,700,849,855,US,119,NA,107,115,NA,-6,2,BWI,IND,515,NA,NA,0,NA,0,NA,NA,NA,NA,NA
1991,1,5,6,702,700,844,855,US,119,NA,102,115,NA,-11,2,BWI,IND,515,NA,NA,0,NA,0,NA,NA,NA,NA,NA
1991,1,6,7,700,700,849,855,US,119,NA,109,115,NA,-6,0,BWI,IND,515,NA,NA,0,NA,0,NA,NA,NA,NA,NA
1991,1,7,1,720,700,925,855,US,119,NA,125,115,NA,30,20,BWI,IND,515,NA,NA,0,NA,0,NA,NA,NA,NA,NA
1991,1,8,2,659,700,850,855,US,119,NA,111,115,NA,-5,-1,BWI,IND,515,NA,NA,0,NA,0,NA,NA,NA,NA,NA
1991,1,9,3,700,700,837,855,US,119,NA,97,115,NA,-18,0,BWI,IND,515,NA,NA,0,NA,0,NA,NA,NA,NA,NA
1991,1,10,4,701,700,915,855,US,119,NA,134,115,NA,20,1,BWI,IND,515,NA,NA,0,NA,0,NA,NA,NA,NA,NA
1991,1,11,5,704,700,924,855,US,119,NA,140,115,NA,29,4,BWI,IND,515,NA,NA,0,NA,0,NA,NA,NA,NA,NA
1991,1,12,6,700,700,842,855,US,119,NA,102,115,NA,-13,0,BWI,IND,515,NA,NA,0,NA,0,NA,NA,NA,NA,NA
1991,1,13,7,707,700,845,855,US,119,NA,98,115,NA,-10,7,BWI,IND,515,NA,NA,0,NA,0,NA,NA,NA,NA,NA
1991,1,14,1,700,700,845,855,US,119,NA,105,115,NA,-10,0,BWI,IND,515,NA,NA,0,NA,0,NA,NA,NA,NA,NA
1991,1,15,2,702,700,856,855,US,119,NA,114,115,NA,1,2,BWI,IND,515,NA,NA,0,NA,0,NA,NA,NA,NA,NA
1991,1,17,4,700,700,847,855,US,119,NA,107,115,NA,-8,0,BWI,IND,515,NA,NA,0,NA,0,NA,NA,NA,NA,NA
1991,1,18,5,658,700,845,855,US,119,NA,107,115,NA,-10,-2,BWI,IND,515,NA,NA,0,NA,0,NA,NA,NA,NA,NA
1991,1,19,6,659,700,842,855,US,119,NA,103,115,NA,-13,-1,BWI,IND,515,NA,NA,0,NA,0,NA,NA,NA,NA,NA
1991,1,20,7,658,700,842,855,US,119,NA,104,115,NA,-13,-2,BWI,IND,515,NA,NA,0,NA,0,NA,NA,NA,NA,NA
1991,1,21,1,659,700,852,855,US,119,NA,113,115,NA,-3,-1,BWI,IND,515,NA,NA,0,NA,0,NA,NA,NA,NA,NA
1991,1,22,2,658,700,836,855,US,119,NA,98,115,NA,-19,-2,BWI,IND,515,NA,NA,0,NA,0,NA,NA,NA,NA,NA
1991,1,23,3,727,700,909,855,US,119,NA,102,115,NA,14,27,BWI,IND,515,NA,NA,0,NA,0,NA,NA,NA,NA,NA
1991,1,24,4,701,700,902,855,US,119,NA,121,115,NA,7,1,BWI,IND,515,NA,NA,0,NA,0,NA,NA,NA,NA,NA
1991,1,25,5,659,700,848,855,US,119,NA,109,115,NA,-7,-1,BWI,IND,515,NA,NA,0,NA,0,NA,NA,NA,NA,NA
1991,1,26,6,658,700,855,855,US,119,NA,117,115,NA,0,-2,BWI,IND,515,NA,NA,0,NA,0,NA,NA,NA,NA,NA
1991,1,27,7,704,700,853,855,US,119,NA,109,115,NA,-2,4,BWI,IND,515,NA,NA,0,NA,0,NA,NA,NA,NA,NA
1991,1,28,1,700,700,NA,855,US,119,NA,NA,115,NA,NA,0,BWI,IND,515,NA,NA,0,NA,1,NA,NA,NA,NA,NA
1991,1,29,2,658,700,911,855,US,119,NA,133,115,NA,16,-2,BWI,IND,515,NA,NA,0,NA,0,NA,NA,NA,NA,NA
1991,1,30,3,657,700,854,855,US,119,NA,117,115,NA,-1,-3,BWI,IND,515,NA,NA,0,NA,0,NA,NA,NA,NA,NA
1991,1,31,4,659,700,856,855,US,119,NA,117,115,NA,1,-1,BWI,IND,515,NA,NA,0,NA,0,NA,NA,NA,NA,NA
1991,1,1,2,929,930,954,1000,US,119,NA,85,90,NA,-6,-1,IND,MCI,451,NA,NA,0,NA,0,NA,NA,NA,NA,NA
1991,1,2,3,933,930,1001,1000,US,119,NA,88,90,NA,1,3,IND,MCI,451,NA,NA,0,NA,0,NA,NA,NA,NA,NA
1991,1,3,4,941,930,1012,1000,US,119,NA,91,90,NA,12,11,IND,MCI,451,NA,NA,0,NA,0,NA,NA,NA,NA,NA
1991,1,4,5,934,930,1003,1000,US,119,NA,89,90,NA,3,4,IND,MCI,451,NA,NA,0,NA,0,NA,NA,NA,NA,NA
1991,1,6,7,935,930,1004,1000,US,119,NA,89,90,NA,4,5,IND,MCI,451,NA,NA,0,NA,0,NA,NA,NA,NA,NA
1991,1,7,1,950,930,1021,1000,US,119,NA,91,90,NA,21,20,IND,MCI,451,NA,NA,0,NA,0,NA,NA,NA,NA,NA
1991,1,8,2,933,930,1004,1000,US,119,NA,91,90,NA,4,3,IND,MCI,451,NA,NA,0,NA,0,NA,NA,NA,NA,NA
1991,1,9,3,935,930,1003,1000,US,119,NA,88,90,NA,3,5,IND,MCI,451,NA,NA,0,NA,0,NA,NA,NA,NA,NA
1991,1,10,4,1031,930,1106,1000,US,119,NA,95,90,NA,66,61,IND,MCI,451,NA,NA,0,NA,0,NA,NA,NA,NA,NA
1991,1,11,5,948,930,1021,1000,US,119,NA,93,90,NA,21,18,IND,MCI,451,NA,NA,0,NA,0,NA,NA,NA,NA,NA
1991,1,12,6,934,930,957,1000,US,119,NA,83,90,NA,-3,4,IND,MCI,451,NA,NA,0,NA,0,NA,NA,NA,NA,NA
1991,1,13,7,929,930,952,1000,US,119,NA,83,90,NA,-8,-1,IND,MCI,451,NA,NA,0,NA,0,NA,NA,NA,NA,NA
1991,1,14,1,934,930,1001,1000,US,119,NA,87,90,NA,1,4,IND,MCI,451,NA,NA,0,NA,0,NA,NA,NA,NA,NA
1991,1,15,2,930,930,1000,1000,US,119,NA,90,90,NA,0,0,IND,MCI,451,NA,NA,0,NA,0,NA,NA,NA,NA,NA
1991,1,17,4,938,930,1012,1000,US,119,NA,94,90,NA,12,8,IND,MCI,451,NA,NA,0,NA,0,NA,NA,NA,NA,NA
1991,1,18,5,927,930,1000,1000,US,119,NA,93,90,NA,0,-3,IND,MCI,451,NA,NA,0,NA,0,NA,NA,NA,NA,NA
1991,1,19,6,932,930,951,1000,US,119,NA,79,90,NA,-9,2,IND,MCI,451,NA,NA,0,NA,0,NA,NA,NA,NA,NA
1991,1,20,7,928,930,952,1000,US,119,NA,84,90,NA,-8,-2,IND,MCI,451,NA,NA,0,NA,0,NA,NA,NA,NA,NA
1991,1,21,1,932,930,1010,1000,US,119,NA,98,90,NA,10,2,IND,MCI,451,NA,NA,0,NA,0,NA,NA,NA,NA,NA
1991,1,22,2,947,930,1006,1000,US,119,NA,79,90,NA,6,17,IND,MCI,451,NA,NA,0,NA,0,NA,NA,NA,NA,NA
1991,1,23,3,933,930,1004,1000,US,119,NA,91,90,NA,4,3,IND,MCI,451,NA,NA,0,NA,0,NA,NA,NA,NA,NA
1991,1,24,4,933,930,1001,1000,US,119,NA,88,90,NA,1,3,IND,MCI,451,NA,NA,0,NA,0,NA,NA,NA,NA,NA
1991,1,25,5,938,930,1018,1000,US,119,NA,100,90,NA,18,8,IND,MCI,451,NA,NA,0,NA,0,NA,NA,NA,NA,NA
1991,1,26,6,931,930,1006,1000,US,119,NA,95,90,NA,6,1,IND,MCI,451,NA,NA,0,NA,0,NA,NA,NA,NA,NA
1991,1,27,7,931,930,1006,1000,US,119,NA,95,90,NA,6,1,IND,MCI,451,NA,NA,0,NA,0,NA,NA,NA,NA,NA
1991,1,28,1,1147,930,1221,1000,US,119,NA,94,90,NA,141,137,IND,MCI,451,NA,NA,0,NA,0,NA,NA,NA,NA,NA
1991,1,29,2,935,930,1023,1000,US,119,NA,108,90,NA,23,5,IND,MCI,451,NA,NA,0,NA,0,NA,NA,NA,NA,NA
1991,1,30,3,952,930,1043,1000,US,119,NA,111,90,NA,43,22,IND,MCI,451,NA,NA,0,NA,0,NA,NA,NA,NA,NA
1991,1,31,4,931,930,1001,1000,US,119,NA,90,90,NA,1,1,IND,MCI,451,NA,NA,0,NA,0,NA,NA,NA,NA,NA
1991,1,1,2,1040,1040,1156,1201,US,119,NA,196,201,NA,-5,0,MCI,SAN,NA,NA,NA,0,NA,0,NA,NA,NA,NA,NA
1991,1,2,3,1037,1040,1158,1201,US,119,NA,201,201,NA,-3,-3,MCI,SAN,NA,NA,NA,0,NA,0,NA,NA,NA,NA,NA
1991,1,3,4,1050,1040,1208,1201,US,119,NA,198,201,NA,7,10,MCI,SAN,NA,NA,NA,0,NA,0,NA,NA,NA,NA,NA
1991,1,4,5,1048,1040,1229,1201,US,119,NA,221,201,NA,28,8,MCI,SAN,NA,NA,NA,0,NA,0,NA,NA,NA,NA,NA
1991,1,6,7,1048,1040,1205,1201,US,119,NA,197,201,NA,4,8,MCI,SAN,NA,NA,NA,0,NA,0,NA,NA,NA,NA,NA
1991,1,7,1,1052,1040,1211,1201,US,119,NA,199,201,NA,10,12,MCI,SAN,NA,NA,NA,0,NA,0,NA,NA,NA,NA,NA
1991,1,8,2,1041,1040,1200,1201,US,119,NA,199,201,NA,-1,1,MCI,SAN,NA,NA,NA,0,NA,0,NA,NA,NA,NA,NA
1991,1,9,3,1043,1040,1209,1201,US,119,NA,206,201,NA,8,3,MCI,SAN,NA,NA,NA,0,NA,0,NA,NA,NA,NA,NA
1991,1,10,4,1144,1040,1301,1201,US,119,NA,197,201,NA,60,64,MCI,SAN,NA,NA,NA,0,NA,0,NA,NA,NA,NA,NA
1991,1,11,5,1044,1040,1201,1201,US,119,NA,197,201,NA,0,4,MCI,SAN,NA,NA,NA,0,NA,0,NA,NA,NA,NA,NA
1991,1,12,6,1040,1040,1142,1201,US,119,NA,182,201,NA,-19,0,MCI,SAN,NA,NA,NA,0,NA,0,NA,NA,NA,NA,NA
1991,1,13,7,1037,1040,1157,1201,US,119,NA,200,201,NA,-4,-3,MCI,SAN,NA,NA,NA,0,NA,0,NA,NA,NA,NA,NA
1991,1,14,1,1039,1040,1155,1201,US,119,NA,196,201,NA,-6,-1,MCI,SAN,NA,NA,NA,0,NA,0,NA,NA,NA,NA,NA
1991,1,15,2,1039,1040,1153,1201,US,119,NA,194,201,NA,-8,-1,MCI,SAN,NA,NA,NA,0,NA,0,NA,NA,NA,NA,NA
1991,1,17,4,1046,1040,1149,1201,US,119,NA,183,201,NA,-12,6,MCI,SAN,NA,NA,NA,0,NA,0,NA,NA,NA,NA,NA
1991,1,18,5,1038,1040,1130,1201,US,119,NA,172,201,NA,-31,-2,MCI,SAN,NA,NA,NA,0,NA,0,NA,NA,NA,NA,NA
1991,1,19,6,1041,1040,1208,1201,US,119,NA,207,201,NA,7,1,MCI,SAN,NA,NA,NA,0,NA,0,NA,NA,NA,NA,NA
1991,1,20,7,1040,1040,1215,1201,US,119,NA,215,201,NA,14,0,MCI,SAN,NA,NA,NA,0,NA,0,NA,NA,NA,NA,NA
1991,1,21,1,1036,1040,1157,1201,US,119,NA,201,201,NA,-4,-4,MCI,SAN,NA,NA,NA,0,NA,0,NA,NA,NA,NA,NA
1991,1,22,2,1037,1040,1139,1201,US,119,NA,182,201,NA,-22,-3,MCI,SAN,NA,NA,NA,0,NA,0,NA,NA,NA,NA,NA
1991,1,23,3,1045,1040,1205,1201,US,119,NA,200,201,NA,4,5,MCI,SAN,NA,NA,NA,0,NA,0,NA,NA,NA,NA,NA
1991,1,24,4,1039,1040,1146,1201,US,119,NA,187,201,NA,-15,-1,MCI,SAN,NA,NA,NA,0,NA,0,NA,NA,NA,NA,NA
1991,1,25,5,1058,1040,1229,1201,US,119,NA,211,201,NA,28,18,MCI,SAN,NA,NA,NA,0,NA,0,NA,NA,NA,NA,NA
1991,1,26,6,1043,1040,1208,1201,US,119,NA,205,201,NA,7,3,MCI,SAN,NA,NA,NA,0,NA,0,NA,NA,NA,NA,NA
1991,1,27,7,1041,1040,1200,1201,US,119,NA,199,201,NA,-1,1,MCI,SAN,NA,NA,NA,0,NA,0,NA,NA,NA,NA,NA
1991,1,28,1,1243,1040,1412,1201,US,119,NA,209,201,NA,131,123,MCI,SAN,NA,NA,NA,0,NA,0,NA,NA,NA,NA,NA
1991,1,29,2,1048,1040,1201,1201,US,119,NA,193,201,NA,0,8,MCI,SAN,NA,NA,NA,0,NA,0,NA,NA,NA,NA,NA
1991,1,30,3,1111,1040,1209,1201,US,119,NA,178,201,NA,8,31,MCI,SAN,NA,NA,NA,0,NA,0,NA,NA,NA,NA,NA
1991,1,31,4,1037,1040,1152,1201,US,119,NA,195,201,NA,-9,-3,MCI,SAN,NA,NA,NA,0,NA,0,NA,NA,NA,NA,NA
1991,1,1,2,1259,1300,1420,1423,US,119,NA,81,83,NA,-3,-1,SAN,SJC,NA,NA,NA,0,NA,0,NA,NA,NA,NA,NA
1991,1,2,3,1324,1300,1442,1423,US,119,NA,78,83,NA,19,24,SAN,SJC,NA,NA,NA,0,NA,0,NA,NA,NA,NA,NA
1991,1,3,4,1325,1300,1439,1423,US,119,NA,74,83,NA,16,25,SAN,SJC,NA,NA,NA,0,NA,0,NA,NA,NA,NA,NA
1991,1,4,5,1309,1300,1428,1423,US,119,NA,79,83,NA,5,9,SAN,SJC,NA,NA,NA,0,NA,0,NA,NA,NA,NA,NA
1991,1,6,7,1309,1300,1434,1423,US,119,NA,85,83,NA,11,9,SAN,SJC,NA,NA,NA,0,NA,0,NA,NA,NA,NA,NA
1991,1,7,1,1259,1300,1432,1423,US,119,NA,93,83,NA,9,-1,SAN,SJC,NA,NA,NA,0,NA,0,NA,NA,NA,NA,NA
1991,1,1,2,1431,1430,1552,1600,US,120,NA,81,90,NA,-8,1,PIT,BOS,496,NA,NA,0,NA,0,NA,NA,NA,NA,NA
1991,1,2,3,1432,1430,1553,1600,US,120,NA,81,90,NA,-7,2,PIT,BOS,496,NA,NA,0,NA,0,NA,NA,NA,NA,NA
1991,1,3,4,1436,1430,1604,1600,US,120,NA,88,90,NA,4,6,PIT,BOS,496,NA,NA,0,NA,0,NA,NA,NA,NA,NA
1991,1,5,6,1442,1430,1602,1600,US,120,NA,80,90,NA,2,12,PIT,BOS,496,NA,NA,0,NA,0,NA,NA,NA,NA,NA
1991,1,6,7,1431,1430,1610,1600,US,120,NA,99,90,NA,10,1,PIT,BOS,496,NA,NA,0,NA,0,NA,NA,NA,NA,NA
1991,1,7,1,1537,1430,1703,1600,US,120,NA,86,90,NA,63,67,PIT,BOS,496,NA,NA,0,NA,0,NA,NA,NA,NA,NA
1991,1,8,2,1430,1430,1632,1600,US,120,NA,122,90,NA,32,0,PIT,BOS,496,NA,NA,0,NA,0,NA,NA,NA,NA,NA
1991,1,9,3,1454,1430,1638,1600,US,120,NA,104,90,NA,38,24,PIT,BOS,496,NA,NA,0,NA,0,NA,NA,NA,NA,NA
1991,1,10,4,1429,1430,1604,1600,US,120,NA,95,90,NA,4,-1,PIT,BOS,496,NA,NA,0,NA,0,NA,NA,NA,NA,NA
1991,1,12,6,1555,1430,1733,1600,US,120,NA,98,90,NA,93,85,PIT,BOS,496,NA,NA,0,NA,0,NA,NA,NA,NA,NA
1991,1,13,7,NA,1430,NA,1600,US,120,NA,NA,90,NA,NA,NA,PIT,BOS,496,NA,NA,1,NA,0,NA,NA,NA,NA,NA
1991,1,15,2,1428,1430,1622,1600,US,120,NA,114,90,NA,22,-2,PIT,BOS,496,NA,NA,0,NA,0,NA,NA,NA,NA,NA
1991,1,16,3,1441,1430,1628,1600,US,120,NA,107,90,NA,28,11,PIT,BOS,496,NA,NA,0,NA,0,NA,NA,NA,NA,NA
1991,1,17,4,NA,1430,NA,1600,US,120,NA,NA,90,NA,NA,NA,PIT,BOS,496,NA,NA,1,NA,0,NA,NA,NA,NA,NA
1991,1,18,5,1433,1430,1554,1600,US,120,NA,81,90,NA,-6,3,PIT,BOS,496,NA,NA,0,NA,0,NA,NA,NA,NA,NA
1991,1,19,6,1431,1430,1555,1600,US,120,NA,84,90,NA,-5,1,PIT,BOS,496,NA,NA,0,NA,0,NA,NA,NA,NA,NA
1991,1,20,7,1430,1430,1552,1600,US,120,NA,82,90,NA,-8,0,PIT,BOS,496,NA,NA,0,NA,0,NA,NA,NA,NA,NA
1991,1,21,1,1431,1430,1601,1600,US,120,NA,90,90,NA,1,1,PIT,BOS,496,NA,NA,0,NA,0,NA,NA,NA,NA,NA
1991,1,22,2,1436,1430,1611,1600,US,120,NA,95,90,NA,11,6,PIT,BOS,496,NA,NA,0,NA,0,NA,NA,NA,NA,NA
1991,1,23,3,1438,1430,1604,1600,US,120,NA,86,90,NA,4,8,PIT,BOS,496,NA,NA,0,NA,0,NA,NA,NA,NA,NA
1991,1,24,4,1432,1430,1553,1600,US,120,NA,81,90,NA,-7,2,PIT,BOS,496,NA,NA,0,NA,0,NA,NA,NA,NA,NA
1991,1,25,5,1430,1430,1555,1600,US,120,NA,85,90,NA,-5,0,PIT,BOS,496,NA,NA,0,NA,0,NA,NA,NA,NA,NA
1991,1,26,6,1446,1430,1650,1600,US,120,NA,124,90,NA,50,16,PIT,BOS,496,NA,NA,0,NA,0,NA,NA,NA,NA,NA
1991,1,27,7,1428,1430,1545,1600,US,120,NA,77,90,NA,-15,-2,PIT,BOS,496,NA,NA,0,NA,0,NA,NA,NA,NA,NA
1991,1,28,1,1449,1430,1611,1600,US,120,NA,82,90,NA,11,19,PIT,BOS,496,NA,NA,0,NA,0,NA,NA,NA,NA,NA
1991,1,29,2,1431,1430,1551,1600,US,120,NA,80,90,NA,-9,1,PIT,BOS,496,NA,NA,0,NA,0,NA,NA,NA,NA,NA
1991,1,30,3,1430,1430,1556,1600,US,120,NA,86,90,NA,-4,0,PIT,BOS,496,NA,NA,0,NA,0,NA,NA,NA,NA,NA
1991,1,31,4,1504,1430,1624,1600,US,120,NA,80,90,NA,24,34,PIT,BOS,496,NA,NA,0,NA,0,NA,NA,NA,NA,NA
1991,1,8,2,1215,1215,1340,1336,US,121,NA,85,81,NA,4,0,EWR,PIT,319,NA,NA,0,NA,0,NA,NA,NA,NA,NA
1991,1,9,3,1215,1215,1353,1336,US,121,NA,98,81,NA,17,0,EWR,PIT,319,NA,NA,0,NA,0,NA,NA,NA,NA,NA
1991,1,10,4,1216,1215,1332,1336,US,121,NA,76,81,NA,-4,1,EWR,PIT,319,NA,NA,0,NA,0,NA,NA,NA,NA,NA
1991,1,11,5,1303,1215,1439,1336,US,121,NA,96,81,NA,63,48,EWR,PIT,319,NA,NA,0,NA,0,NA,NA,NA,NA,NA
1991,1,12,6,1215,1215,1352,1336,US,121,NA,97,81,NA,16,0,EWR,PIT,319,NA,NA,0,NA,0,NA,NA,NA,NA,NA
1991,1,13,7,1215,1215,1341,1336,US,121,NA,86,81,NA,5,0,EWR,PIT,319,NA,NA,0,NA,0,NA,NA,NA,NA,NA
1991,1,14,1,1215,1215,1331,1336,US,121,NA,76,81,NA,-5,0,EWR,PIT,319,NA,NA,0,NA,0,NA,NA,NA,NA,NA
1991,1,15,2,1217,1215,1343,1336,US,121,NA,86,81,NA,7,2,EWR,PIT,319,NA,NA,0,NA,0,NA,NA,NA,NA,NA
1991,1,16,3,1257,1215,1412,1336,US,121,NA,75,81,NA,36,42,EWR,PIT,319,NA,NA,0,NA,0,NA,NA,NA,NA,NA
1991,1,17,4,1215,1215,1356,1336,US,121,NA,101,81,NA,20,0,EWR,PIT,319,NA,NA,0,NA,0,NA,NA,NA,NA,NA
1991,1,18,5,1233,1215,1358,1336,US,121,NA,85,81,NA,22,18,EWR,PIT,319,NA,NA,0,NA,0,NA,NA,NA,NA,NA
1991,1,19,6,1218,1215,1335,1336,US,121,NA,77,81,NA,-1,3,EWR,PIT,319,NA,NA,0,NA,0,NA,NA,NA,NA,NA
1991,1,20,7,1216,1215,1329,1336,US,121,NA,73,81,NA,-7,1,EWR,PIT,319,NA,NA,0,NA,0,NA,NA,NA,NA,NA
1991,1,21,1,1225,1215,1353,1336,US,121,NA,88,81,NA,17,10,EWR,PIT,319,NA,NA,0,NA,0,NA,NA,NA,NA,NA
1991,1,22,2,1214,1215,1324,1336,US,121,NA,70,81,NA,-12,-1,EWR,PIT,319,NA,NA,0,NA,0,NA,NA,NA,NA,NA
1991,1,23,3,1214,1215,1339,1336,US,121,NA,85,81,NA,3,-1,EWR,PIT,319,NA,NA,0,NA,0,NA,NA,NA,NA,NA
1991,1,24,4,1215,1215,1338,1336,US,121,NA,83,81,NA,2,0,EWR,PIT,319,NA,NA,0,NA,0,NA,NA,NA,NA,NA
1991,1,25,5,1215,1215,1331,1336,US,121,NA,76,81,NA,-5,0,EWR,PIT,319,NA,NA,0,NA,0,NA,NA,NA,NA,NA
1991,1,26,6,1214,1215,1357,1336,US,121,NA,103,81,NA,21,-1,EWR,PIT,319,NA,NA,0,NA,0,NA,NA,NA,NA,NA
1991,1,27,7,1216,1215,1324,1336,US,121,NA,68,81,NA,-12,1,EWR,PIT,319,NA,NA,0,NA,0,NA,NA,NA,NA,NA
1991,1,28,1,1213,1215,1328,1336,US,121,NA,75,81,NA,-8,-2,EWR,PIT,319,NA,NA,0,NA,0,NA,NA,NA,NA,NA
1991,1,29,2,1214,1215,1334,1336,US,121,NA,80,81,NA,-2,-1,EWR,PIT,319,NA,NA,0,NA,0,NA,NA,NA,NA,NA
1991,1,30,3,1215,1215,1340,1336,US,121,NA,85,81,NA,4,0,EWR,PIT,319,NA,NA,0,NA,0,NA,NA,NA,NA,NA
1991,1,31,4,1214,1215,1341,1336,US,121,NA,87,81,NA,5,-1,EWR,PIT,319,NA,NA,0,NA,0,NA,NA,NA,NA,NA
1991,1,8,2,1437,1430,1714,1645,US,121,NA,157,135,NA,29,7,PIT,TPA,873,NA,NA,0,NA,0,NA,NA,NA,NA,NA
1991,1,9,3,1439,1430,1656,1645,US,121,NA,137,135,NA,11,9,PIT,TPA,873,NA,NA,0,NA,0,NA,NA,NA,NA,NA
1991,1,10,4,1432,1430,1642,1645,US,121,NA,130,135,NA,-3,2,PIT,TPA,873,NA,NA,0,NA,0,NA,NA,NA,NA,NA
1991,1,11,5,1530,1430,1754,1645,US,121,NA,144,135,NA,69,60,PIT,TPA,873,NA,NA,0,NA,0,NA,NA,NA,NA,NA
1991,1,12,6,1430,1430,1659,1645,US,121,NA,149,135,NA,14,0,PIT,TPA,873,NA,NA,0,NA,0,NA,NA,NA,NA,NA
1991,1,13,7,1433,1430,1650,1645,US,121,NA,137,135,NA,5,3,PIT,TPA,873,NA,NA,0,NA,0,NA,NA,NA,NA,NA
1991,1,14,1,1431,1430,1645,1645,US,121,NA,134,135,NA,0,1,PIT,TPA,873,NA,NA,0,NA,0,NA,NA,NA,NA,NA
1991,1,15,2,1438,1430,1703,1645,US,121,NA,145,135,NA,18,8,PIT,TPA,873,NA,NA,0,NA,0,NA,NA,NA,NA,NA
1991,1,16,3,1501,1430,1745,1645,US,121,NA,164,135,NA,60,31,PIT,TPA,873,NA,NA,0,NA,0,NA,NA,NA,NA,NA
1991,1,17,4,1452,1430,1707,1645,US,121,NA,135,135,NA,22,22,PIT,TPA,873,NA,NA,0,NA,0,NA,NA,NA,NA,NA
1991,1,18,5,1440,1430,1700,1645,US,121,NA,140,135,NA,15,10,PIT,TPA,873,NA,NA,0,NA,0,NA,NA,NA,NA,NA
1991,1,19,6,1433,1430,1702,1645,US,121,NA,149,135,NA,17,3,PIT,TPA,873,NA,NA,0,NA,0,NA,NA,NA,NA,NA
1991,1,20,7,1430,1430,1643,1645,US,121,NA,133,135,NA,-2,0,PIT,TPA,873,NA,NA,0,NA,0,NA,NA,NA,NA,NA
1991,1,21,1,1434,1430,1651,1645,US,121,NA,137,135,NA,6,4,PIT,TPA,873,NA,NA,0,NA,0,NA,NA,NA,NA,NA
1991,1,22,2,1428,1430,1644,1645,US,121,NA,136,135,NA,-1,-2,PIT,TPA,873,NA,NA,0,NA,0,NA,NA,NA,NA,NA
1991,1,23,3,1430,1430,1644,1645,US,121,NA,134,135,NA,-1,0,PIT,TPA,873,NA,NA,0,NA,0,NA,NA,NA,NA,NA
1991,1,24,4,1431,1430,1657,1645,US,121,NA,146,135,NA,12,1,PIT,TPA,873,NA,NA,0,NA,0,NA,NA,NA,NA,NA
1991,1,25,5,1432,1430,1721,1645,US,121,NA,169,135,NA,36,2,PIT,TPA,873,NA,NA,0,NA,0,NA,NA,NA,NA,NA
1991,1,26,6,1441,1430,1717,1645,US,121,NA,156,135,NA,32,11,PIT,TPA,873,NA,NA,0,NA,0,NA,NA,NA,NA,NA
1991,1,27,7,1428,1430,1655,1645,US,121,NA,147,135,NA,10,-2,PIT,TPA,873,NA,NA,0,NA,0,NA,NA,NA,NA,NA
1991,1,28,1,1429,1430,1646,1645,US,121,NA,137,135,NA,1,-1,PIT,TPA,873,NA,NA,0,NA,0,NA,NA,NA,NA,NA
1991,1,29,2,1432,1430,1658,1645,US,121,NA,146,135,NA,13,2,PIT,TPA,873,NA,NA,0,NA,0,NA,NA,NA,NA,NA
1991,1,30,3,1444,1430,1719,1645,US,121,NA,155,135,NA,34,14,PIT,TPA,873,NA,NA,0,NA,0,NA,NA,NA,NA,NA
1991,1,31,4,1456,1430,1726,1645,US,121,NA,150,135,NA,41,26,PIT,TPA,873,NA,NA,0,NA,0,NA,NA,NA,NA,NA
1991,1,8,2,1455,1450,1559,1538,US,122,NA,64,48,NA,21,5,CHS,CLT,168,NA,NA,0,NA,0,NA,NA,NA,NA,NA
1991,1,9,3,1450,1450,1531,1538,US,122,NA,41,48,NA,-7,0,CHS,CLT,168,NA,NA,0,NA,0,NA,NA,NA,NA,NA
1991,1,10,4,1455,1450,1600,1538,US,122,NA,65,48,NA,22,5,CHS,CLT,168,NA,NA,0,NA,0,NA,NA,NA,NA,NA
1991,1,11,5,1455,1450,1536,1538,US,122,NA,41,48,NA,-2,5,CHS,CLT,168,NA,NA,0,NA,0,NA,NA,NA,NA,NA
1991,1,12,6,1454,1450,1600,1538,US,122,NA,66,48,NA,22,4,CHS,CLT,168,NA,NA,0,NA,0,NA,NA,NA,NA,NA
1991,1,13,7,1452,1450,1535,1538,US,122,NA,43,48,NA,-3,2,CHS,CLT,168,NA,NA,0,NA,0,NA,NA,NA,NA,NA
1991,1,14,1,1452,1450,1553,1538,US,122,NA,61,48,NA,15,2,CHS,CLT,168,NA,NA,0,NA,0,NA,NA,NA,NA,NA
1991,1,15,2,1451,1450,1541,1538,US,122,NA,50,48,NA,3,1,CHS,CLT,168,NA,NA,0,NA,0,NA,NA,NA,NA,NA
1991,1,16,3,1456,1450,1544,1538,US,122,NA,48,48,NA,6,6,CHS,CLT,168,NA,NA,0,NA,0,NA,NA,NA,NA,NA
1991,1,17,4,1502,1450,1605,1538,US,122,NA,63,48,NA,27,12,CHS,CLT,168,NA,NA,0,NA,0,NA,NA,NA,NA,NA
1991,1,18,5,1452,1450,1533,1538,US,122,NA,41,48,NA,-5,2,CHS,CLT,168,NA,NA,0,NA,0,NA,NA,NA,NA,NA
1991,1,19,6,1449,1450,1550,1538,US,122,NA,61,48,NA,12,-1,CHS,CLT,168,NA,NA,0,NA,0,NA,NA,NA,NA,NA
1991,1,20,7,1448,1450,1528,1538,US,122,NA,40,48,NA,-10,-2,CHS,CLT,168,NA,NA,0,NA,0,NA,NA,NA,NA,NA
1991,1,21,1,1451,1450,1532,1538,US,122,NA,41,48,NA,-6,1,CHS,CLT,168,NA,NA,0,NA,0,NA,NA,NA,NA,NA
1991,1,22,2,1450,1450,1544,1538,US,122,NA,54,48,NA,6,0,CHS,CLT,168,NA,NA,0,NA,0,NA,NA,NA,NA,NA
1991,1,23,3,1452,1450,1534,1538,US,122,NA,42,48,NA,-4,2,CHS,CLT,168,NA,NA,0,NA,0,NA,NA,NA,NA,NA
1991,1,24,4,1511,1450,1600,1538,US,122,NA,49,48,NA,22,21,CHS,CLT,168,NA,NA,0,NA,0,NA,NA,NA,NA,NA
1991,1,25,5,1451,1450,1552,1538,US,122,NA,61,48,NA,14,1,CHS,CLT,168,NA,NA,0,NA,0,NA,NA,NA,NA,NA
1991,1,26,6,1451,1450,1533,1538,US,122,NA,42,48,NA,-5,1,CHS,CLT,168,NA,NA,0,NA,0,NA,NA,NA,NA,NA
1991,1,27,7,1448,1450,1540,1538,US,122,NA,52,48,NA,2,-2,CHS,CLT,168,NA,NA,0,NA,0,NA,NA,NA,NA,NA
1991,1,28,1,1445,1450,1524,1538,US,122,NA,39,48,NA,-14,-5,CHS,CLT,168,NA,NA,0,NA,0,NA,NA,NA,NA,NA
1991,1,29,2,1452,1450,1545,1538,US,122,NA,53,48,NA,7,2,CHS,CLT,168,NA,NA,0,NA,0,NA,NA,NA,NA,NA
1991,1,30,3,1450,1450,1601,1538,US,122,NA,71,48,NA,23,0,CHS,CLT,168,NA,NA,0,NA,0,NA,NA,NA,NA,NA
1991,1,31,4,1451,1450,1531,1538,US,122,NA,40,48,NA,-7,1,CHS,CLT,168,NA,NA,0,NA,0,NA,NA,NA,NA,NA
1991,1,1,2,1630,1630,1752,1749,US,122,NA,82,79,NA,3,0,CLT,DCA,331,NA,NA,0,NA,0,NA,NA,NA,NA,NA
1991,1,2,3,1629,1630,1730,1749,US,122,NA,61,79,NA,-19,-1,CLT,DCA,331,NA,NA,0,NA,0,NA,NA,NA,NA,NA
1991,1,3,4,1628,1630,1745,1749,US,122,NA,77,79,NA,-4,-2,CLT,DCA,331,NA,NA,0,NA,0,NA,NA,NA,NA,NA
1991,1,4,5,1630,1630,1742,1749,US,122,NA,72,79,NA,-7,0,CLT,DCA,331,NA,NA,0,NA,0,NA,NA,NA,NA,NA
1991,1,5,6,1629,1630,1749,1749,US,122,NA,80,79,NA,0,-1,CLT,DCA,331,NA,NA,0,NA,0,NA,NA,NA,NA,NA
1991,1,6,7,1635,1630,1738,1749,US,122,NA,63,79,NA,-11,5,CLT,DCA,331,NA,NA,0,NA,0,NA,NA,NA,NA,NA
1991,1,7,1,1835,1630,1936,1749,US,122,NA,61,79,NA,107,125,CLT,DCA,331,NA,NA,0,NA,0,NA,NA,NA,NA,NA
1991,1,8,2,1632,1630,1744,1747,US,122,NA,72,77,NA,-3,2,CLT,DCA,331,NA,NA,0,NA,0,NA,NA,NA,NA,NA
1991,1,9,3,1640,1630,1749,1747,US,122,NA,69,77,NA,2,10,CLT,DCA,331,NA,NA,0,NA,0,NA,NA,NA,NA,NA
1991,1,10,4,1641,1630,1759,1747,US,122,NA,78,77,NA,12,11,CLT,DCA,331,NA,NA,0,NA,0,NA,NA,NA,NA,NA
1991,1,11,5,1634,1630,1740,1747,US,122,NA,66,77,NA,-7,4,CLT,DCA,331,NA,NA,0,NA,0,NA,NA,NA,NA,NA
1991,1,12,6,1641,1630,1741,1747,US,122,NA,60,77,NA,-6,11,CLT,DCA,331,NA,NA,0,NA,0,NA,NA,NA,NA,NA
1991,1,13,7,1632,1630,1742,1747,US,122,NA,70,77,NA,-5,2,CLT,DCA,331,NA,NA,0,NA,0,NA,NA,NA,NA,NA
1991,1,14,1,1637,1630,1749,1747,US,122,NA,72,77,NA,2,7,CLT,DCA,331,NA,NA,0,NA,0,NA,NA,NA,NA,NA
1991,1,15,2,1631,1630,1743,1747,US,122,NA,72,77,NA,-4,1,CLT,DCA,331,NA,NA,0,NA,0,NA,NA,NA,NA,NA
1991,1,16,3,1632,1630,1730,1747,US,122,NA,58,77,NA,-17,2,CLT,DCA,331,NA,NA,0,NA,0,NA,NA,NA,NA,NA
1991,1,17,4,1650,1630,1758,1747,US,122,NA,68,77,NA,11,20,CLT,DCA,331,NA,NA,0,NA,0,NA,NA,NA,NA,NA
1991,1,18,5,1637,1630,1739,1747,US,122,NA,62,77,NA,-8,7,CLT,DCA,331,NA,NA,0,NA,0,NA,NA,NA,NA,NA
1991,1,19,6,1632,1630,1743,1747,US,122,NA,71,77,NA,-4,2,CLT,DCA,331,NA,NA,0,NA,0,NA,NA,NA,NA,NA
1991,1,20,7,1629,1630,1728,1747,US,122,NA,59,77,NA,-19,-1,CLT,DCA,331,NA,NA,0,NA,0,NA,NA,NA,NA,NA
1991,1,21,1,1633,1630,1736,1747,US,122,NA,63,77,NA,-11,3,CLT,DCA,331,NA,NA,0,NA,0,NA,NA,NA,NA,NA
1991,1,22,2,1639,1630,1745,1747,US,122,NA,66,77,NA,-2,9,CLT,DCA,331,NA,NA,0,NA,0,NA,NA,NA,NA,NA
1991,1,23,3,1632,1630,1738,1747,US,122,NA,66,77,NA,-9,2,CLT,DCA,331,NA,NA,0,NA,0,NA,NA,NA,NA,NA
1991,1,24,4,1645,1630,1750,1747,US,122,NA,65,77,NA,3,15,CLT,DCA,331,NA,NA,0,NA,0,NA,NA,NA,NA,NA
1991,1,25,5,1635,1630,1742,1747,US,122,NA,67,77,NA,-5,5,CLT,DCA,331,NA,NA,0,NA,0,NA,NA,NA,NA,NA
1991,1,26,6,1628,1630,1730,1747,US,122,NA,62,77,NA,-17,-2,CLT,DCA,331,NA,NA,0,NA,0,NA,NA,NA,NA,NA
1991,1,27,7,1629,1630,1736,1747,US,122,NA,67,77,NA,-11,-1,CLT,DCA,331,NA,NA,0,NA,0,NA,NA,NA,NA,NA
1991,1,28,1,1631,1630,1733,1747,US,122,NA,62,77,NA,-14,1,CLT,DCA,331,NA,NA,0,NA,0,NA,NA,NA,NA,NA
1991,1,29,2,1629,1630,1745,1747,US,122,NA,76,77,NA,-2,-1,CLT,DCA,331,NA,NA,0,NA,0,NA,NA,NA,NA,NA
1991,1,30,3,1644,1630,1803,1747,US,122,NA,79,77,NA,16,14,CLT,DCA,331,NA,NA,0,NA,0,NA,NA,NA,NA,NA
1991,1,31,4,1642,1630,1747,1747,US,122,NA,65,77,NA,0,12,CLT,DCA,331,NA,NA,0,NA,0,NA,NA,NA,NA,NA
1991,1,1,2,1349,1350,1530,1536,US,122,NA,101,106,NA,-6,-1,PBI,CLT,590,NA,NA,0,NA,0,NA,NA,NA,NA,NA
1991,1,2,3,1354,1350,1538,1536,US,122,NA,104,106,NA,2,4,PBI,CLT,590,NA,NA,0,NA,0,NA,NA,NA,NA,NA
1991,1,3,4,1410,1350,1554,1536,US,122,NA,104,106,NA,18,20,PBI,CLT,590,NA,NA,0,NA,0,NA,NA,NA,NA,NA
1991,1,4,5,1356,1350,1541,1536,US,122,NA,105,106,NA,5,6,PBI,CLT,590,NA,NA,0,NA,0,NA,NA,NA,NA,NA
1991,1,6,7,1357,1350,1546,1536,US,122,NA,109,106,NA,10,7,PBI,CLT,590,NA,NA,0,NA,0,NA,NA,NA,NA,NA
1991,1,7,1,1435,1350,1609,1536,US,122,NA,94,106,NA,33,45,PBI,CLT,590,NA,NA,0,NA,0,NA,NA,NA,NA,NA
1991,1,1,2,705,705,807,803,US,123,NA,62,58,NA,4,0,LEX,PIT,289,NA,NA,0,NA,0,NA,NA,NA,NA,NA
1991,1,2,3,712,705,808,803,US,123,NA,56,58,NA,5,7,LEX,PIT,289,NA,NA,0,NA,0,NA,NA,NA,NA,NA
1991,1,3,4,706,705,817,803,US,123,NA,71,58,NA,14,1,LEX,PIT,289,NA,NA,0,NA,0,NA,NA,NA,NA,NA
1991,1,4,5,718,705,810,803,US,123,NA,52,58,NA,7,13,LEX,PIT,289,NA,NA,0,NA,0,NA,NA,NA,NA,NA
1991,1,5,6,710,705,807,803,US,123,NA,57,58,NA,4,5,LEX,PIT,289,NA,NA,0,NA,0,NA,NA,NA,NA,NA
1991,1,6,7,714,705,816,803,US,123,NA,62,58,NA,13,9,LEX,PIT,289,NA,NA,0,NA,0,NA,NA,NA,NA,NA
1991,1,7,1,710,705,814,803,US,123,NA,64,58,NA,11,5,LEX,PIT,289,NA,NA,0,NA,0,NA,NA,NA,NA,NA
1991,1,8,2,706,705,807,803,US,123,NA,61,58,NA,4,1,LEX,PIT,289,NA,NA,0,NA,0,NA,NA,NA,NA,NA
1991,1,9,3,723,705,828,803,US,123,NA,65,58,NA,25,18,LEX,PIT,289,NA,NA,0,NA,0,NA,NA,NA,NA,NA
1991,1,10,4,721,705,811,803,US,123,NA,50,58,NA,8,16,LEX,PIT,289,NA,NA,0,NA,0,NA,NA,NA,NA,NA
1991,1,11,5,706,705,807,803,US,123,NA,61,58,NA,4,1,LEX,PIT,289,NA,NA,0,NA,0,NA,NA,NA,NA,NA
1991,1,12,6,717,705,818,803,US,123,NA,61,58,NA,15,12,LEX,PIT,289,NA,NA,0,NA,0,NA,NA,NA,NA,NA
1991,1,13,7,711,705,811,803,US,123,NA,60,58,NA,8,6,LEX,PIT,289,NA,NA,0,NA,0,NA,NA,NA,NA,NA
1991,1,14,1,705,705,814,803,US,123,NA,69,58,NA,11,0,LEX,PIT,289,NA,NA,0,NA,0,NA,NA,NA,NA,NA
1991,1,15,2,705,705,801,803,US,123,NA,56,58,NA,-2,0,LEX,PIT,289,NA,NA,0,NA,0,NA,NA,NA,NA,NA
1991,1,16,3,711,705,817,803,US,123,NA,66,58,NA,14,6,LEX,PIT,289,NA,NA,0,NA,0,NA,NA,NA,NA,NA
1991,1,17,4,716,705,812,803,US,123,NA,56,58,NA,9,11,LEX,PIT,289,NA,NA,0,NA,0,NA,NA,NA,NA,NA
1991,1,18,5,707,705,803,803,US,123,NA,56,58,NA,0,2,LEX,PIT,289,NA,NA,0,NA,0,NA,NA,NA,NA,NA
1991,1,19,6,717,705,812,803,US,123,NA,55,58,NA,9,12,LEX,PIT,289,NA,NA,0,NA,0,NA,NA,NA,NA,NA
1991,1,20,7,705,705,811,803,US,123,NA,66,58,NA,8,0,LEX,PIT,289,NA,NA,0,NA,0,NA,NA,NA,NA,NA
1991,1,21,1,708,705,822,803,US,123,NA,74,58,NA,19,3,LEX,PIT,289,NA,NA,0,NA,0,NA,NA,NA,NA,NA
1991,1,22,2,708,705,809,803,US,123,NA,61,58,NA,6,3,LEX,PIT,289,NA,NA,0,NA,0,NA,NA,NA,NA,NA
1991,1,23,3,707,705,806,803,US,123,NA,59,58,NA,3,2,LEX,PIT,289,NA,NA,0,NA,0,NA,NA,NA,NA,NA
1991,1,24,4,712,705,807,803,US,123,NA,55,58,NA,4,7,LEX,PIT,289,NA,NA,0,NA,0,NA,NA,NA,NA,NA
1991,1,25,5,706,705,800,803,US,123,NA,54,58,NA,-3,1,LEX,PIT,289,NA,NA,0,NA,0,NA,NA,NA,NA,NA
1991,1,26,6,702,705,803,803,US,123,NA,61,58,NA,0,-3,LEX,PIT,289,NA,NA,0,NA,0,NA,NA,NA,NA,NA
1991,1,27,7,706,705,807,803,US,123,NA,61,58,NA,4,1,LEX,PIT,289,NA,NA,0,NA,0,NA,NA,NA,NA,NA
1991,1,28,1,711,705,811,803,US,123,NA,60,58,NA,8,6,LEX,PIT,289,NA,NA,0,NA,0,NA,NA,NA,NA,NA
1991,1,29,2,707,705,805,803,US,123,NA,58,58,NA,2,2,LEX,PIT,289,NA,NA,0,NA,0,NA,NA,NA,NA,NA
1991,1,30,3,705,705,813,803,US,123,NA,68,58,NA,10,0,LEX,PIT,289,NA,NA,0,NA,0,NA,NA,NA,NA,NA
1991,1,31,4,722,705,819,803,US,123,NA,57,58,NA,16,17,LEX,PIT,289,NA,NA,0,NA,0,NA,NA,NA,NA,NA
1991,1,1,2,847,850,940,951,US,123,NA,53,61,NA,-11,-3,PIT,BGM,251,NA,NA,0,NA,0,NA,NA,NA,NA,NA
1991,1,2,3,850,850,952,951,US,123,NA,62,61,NA,1,0,PIT,BGM,251,NA,NA,0,NA,0,NA,NA,NA,NA,NA
1991,1,3,4,855,850,1000,951,US,123,NA,65,61,NA,9,5,PIT,BGM,251,NA,NA,0,NA,0,NA,NA,NA,NA,NA
1991,1,4,5,846,850,945,951,US,123,NA,59,61,NA,-6,-4,PIT,BGM,251,NA,NA,0,NA,0,NA,NA,NA,NA,NA
1991,1,5,6,847,850,948,951,US,123,NA,61,61,NA,-3,-3,PIT,BGM,251,NA,NA,0,NA,0,NA,NA,NA,NA,NA
1991,1,6,7,851,850,957,951,US,123,NA,66,61,NA,6,1,PIT,BGM,251,NA,NA,0,NA,0,NA,NA,NA,NA,NA
1991,1,7,1,847,850,941,951,US,123,NA,54,61,NA,-10,-3,PIT,BGM,251,NA,NA,0,NA,0,NA,NA,NA,NA,NA
1991,1,8,2,849,850,954,951,US,123,NA,65,61,NA,3,-1,PIT,BGM,251,NA,NA,0,NA,0,NA,NA,NA,NA,NA
1991,1,9,3,903,850,1017,951,US,123,NA,74,61,NA,26,13,PIT,BGM,251,NA,NA,0,NA,0,NA,NA,NA,NA,NA
1991,1,10,4,846,850,946,951,US,123,NA,60,61,NA,-5,-4,PIT,BGM,251,NA,NA,0,NA,0,NA,NA,NA,NA,NA
1991,1,11,5,847,850,950,951,US,123,NA,63,61,NA,-1,-3,PIT,BGM,251,NA,NA,0,NA,0,NA,NA,NA,NA,NA
1991,1,12,6,848,850,946,951,US,123,NA,58,61,NA,-5,-2,PIT,BGM,251,NA,NA,0,NA,0,NA,NA,NA,NA,NA
1991,1,13,7,850,850,1017,951,US,123,NA,87,61,NA,26,0,PIT,BGM,251,NA,NA,0,NA,0,NA,NA,NA,NA,NA
1991,1,14,1,850,850,958,951,US,123,NA,68,61,NA,7,0,PIT,BGM,251,NA,NA,0,NA,0,NA,NA,NA,NA,NA
1991,1,15,2,849,850,947,951,US,123,NA,58,61,NA,-4,-1,PIT,BGM,251,NA,NA,0,NA,0,NA,NA,NA,NA,NA
1991,1,16,3,849,850,1001,951,US,123,NA,72,61,NA,10,-1,PIT,BGM,251,NA,NA,0,NA,0,NA,NA,NA,NA,NA
1991,1,17,4,900,850,1007,951,US,123,NA,67,61,NA,16,10,PIT,BGM,251,NA,NA,0,NA,0,NA,NA,NA,NA,NA
1991,1,18,5,850,850,1012,951,US,123,NA,82,61,NA,21,0,PIT,BGM,251,NA,NA,0,NA,0,NA,NA,NA,NA,NA
1991,1,19,6,850,850,953,951,US,123,NA,63,61,NA,2,0,PIT,BGM,251,NA,NA,0,NA,0,NA,NA,NA,NA,NA
1991,1,20,7,851,850,952,951,US,123,NA,61,61,NA,1,1,PIT,BGM,251,NA,NA,0,NA,0,NA,NA,NA,NA,NA
1991,1,21,1,859,850,1030,951,US,123,NA,91,61,NA,39,9,PIT,BGM,251,NA,NA,0,NA,0,NA,NA,NA,NA,NA
1991,1,22,2,848,850,1008,951,US,123,NA,80,61,NA,17,-2,PIT,BGM,251,NA,NA,0,NA,0,NA,NA,NA,NA,NA
1991,1,23,3,852,850,954,951,US,123,NA,62,61,NA,3,2,PIT,BGM,251,NA,NA,0,NA,0,NA,NA,NA,NA,NA
1991,1,24,4,849,850,945,951,US,123,NA,56,61,NA,-6,-1,PIT,BGM,251,NA,NA,0,NA,0,NA,NA,NA,NA,NA
1991,1,25,5,847,850,946,951,US,123,NA,59,61,NA,-5,-3,PIT,BGM,251,NA,NA,0,NA,0,NA,NA,NA,NA,NA
1991,1,26,6,852,850,957,951,US,123,NA,65,61,NA,6,2,PIT,BGM,251,NA,NA,0,NA,0,NA,NA,NA,NA,NA
1991,1,27,7,855,850,947,951,US,123,NA,52,61,NA,-4,5,PIT,BGM,251,NA,NA,0,NA,0,NA,NA,NA,NA,NA
1991,1,28,1,855,850,954,951,US,123,NA,59,61,NA,3,5,PIT,BGM,251,NA,NA,0,NA,0,NA,NA,NA,NA,NA
1991,1,29,2,847,850,954,951,US,123,NA,67,61,NA,3,-3,PIT,BGM,251,NA,NA,0,NA,0,NA,NA,NA,NA,NA
1991,1,30,3,847,850,947,951,US,123,NA,60,61,NA,-4,-3,PIT,BGM,251,NA,NA,0,NA,0,NA,NA,NA,NA,NA
1991,1,31,4,853,850,957,951,US,123,NA,64,61,NA,6,3,PIT,BGM,251,NA,NA,0,NA,0,NA,NA,NA,NA,NA
1991,1,8,2,1744,1745,1915,1925,US,124,NA,91,100,NA,-10,-1,CLT,EWR,529,NA,NA,0,NA,0,NA,NA,NA,NA,NA
1991,1,9,3,1832,1745,2017,1925,US,124,NA,105,100,NA,52,47,CLT,EWR,529,NA,NA,0,NA,0,NA,NA,NA,NA,NA
1991,1,10,4,1806,1745,1953,1925,US,124,NA,107,100,NA,28,21,CLT,EWR,529,NA,NA,0,NA,0,NA,NA,NA,NA,NA
1991,1,11,5,1856,1745,2056,1925,US,124,NA,120,100,NA,91,71,CLT,EWR,529,NA,NA,0,NA,0,NA,NA,NA,NA,NA
1991,1,13,7,1743,1745,1936,1925,US,124,NA,113,100,NA,11,-2,CLT,EWR,529,NA,NA,0,NA,0,NA,NA,NA,NA,NA
1991,1,14,1,1746,1745,1930,1925,US,124,NA,104,100,NA,5,1,CLT,EWR,529,NA,NA,0,NA,0,NA,NA,NA,NA,NA
1991,1,15,2,1752,1745,1931,1925,US,124,NA,99,100,NA,6,7,CLT,EWR,529,NA,NA,0,NA,0,NA,NA,NA,NA,NA
1991,1,16,3,1752,1745,2029,1925,US,124,NA,157,100,NA,64,7,CLT,EWR,529,NA,NA,0,NA,0,NA,NA,NA,NA,NA
1991,1,17,4,1747,1745,1941,1925,US,124,NA,114,100,NA,16,2,CLT,EWR,529,NA,NA,0,NA,0,NA,NA,NA,NA,NA
1991,1,18,5,1802,1745,1954,1925,US,124,NA,112,100,NA,29,17,CLT,EWR,529,NA,NA,0,NA,0,NA,NA,NA,NA,NA
1991,1,20,7,1744,1745,1916,1925,US,124,NA,92,100,NA,-9,-1,CLT,EWR,529,NA,NA,0,NA,0,NA,NA,NA,NA,NA
1991,1,21,1,1750,1745,1915,1925,US,124,NA,85,100,NA,-10,5,CLT,EWR,529,NA,NA,0,NA,0,NA,NA,NA,NA,NA
1991,1,22,2,1746,1745,1927,1925,US,124,NA,101,100,NA,2,1,CLT,EWR,529,NA,NA,0,NA,0,NA,NA,NA,NA,NA
1991,1,23,3,1743,1745,1920,1925,US,124,NA,97,100,NA,-5,-2,CLT,EWR,529,NA,NA,0,NA,0,NA,NA,NA,NA,NA
1991,1,24,4,1744,1745,1924,1925,US,124,NA,100,100,NA,-1,-1,CLT,EWR,529,NA,NA,0,NA,0,NA,NA,NA,NA,NA
1991,1,25,5,1744,1745,1920,1925,US,124,NA,96,100,NA,-5,-1,CLT,EWR,529,NA,NA,0,NA,0,NA,NA,NA,NA,NA
1991,1,27,7,1749,1745,1922,1925,US,124,NA,93,100,NA,-3,4,CLT,EWR,529,NA,NA,0,NA,0,NA,NA,NA,NA,NA
1991,1,28,1,1744,1745,1922,1925,US,124,NA,98,100,NA,-3,-1,CLT,EWR,529,NA,NA,0,NA,0,NA,NA,NA,NA,NA
1991,1,29,2,1743,1745,1928,1925,US,124,NA,105,100,NA,3,-2,CLT,EWR,529,NA,NA,0,NA,0,NA,NA,NA,NA,NA
1991,1,30,3,1750,1745,1937,1925,US,124,NA,107,100,NA,12,5,CLT,EWR,529,NA,NA,0,NA,0,NA,NA,NA,NA,NA
1991,1,31,4,1754,1745,1939,1925,US,124,NA,105,100,NA,14,9,CLT,EWR,529,NA,NA,0,NA,0,NA,NA,NA,NA,NA
1991,1,8,2,1550,1550,1659,1658,US,124,NA,69,68,NA,1,0,CVG,CLT,335,NA,NA,0,NA,0,NA,NA,NA,NA,NA
1991,1,9,3,1548,1550,1707,1658,US,124,NA,79,68,NA,9,-2,CVG,CLT,335,NA,NA,0,NA,0,NA,NA,NA,NA,NA
1991,1,10,4,1549,1550,1708,1658,US,124,NA,79,68,NA,10,-1,CVG,CLT,335,NA,NA,0,NA,0,NA,NA,NA,NA,NA
1991,1,11,5,1642,1550,1759,1658,US,124,NA,77,68,NA,61,52,CVG,CLT,335,NA,NA,0,NA,0,NA,NA,NA,NA,NA
1991,1,12,6,1602,1550,1705,1658,US,124,NA,63,68,NA,7,12,CVG,CLT,335,NA,NA,0,NA,0,NA,NA,NA,NA,NA
1991,1,13,7,1550,1550,1658,1658,US,124,NA,68,68,NA,0,0,CVG,CLT,335,NA,NA,0,NA,0,NA,NA,NA,NA,NA
1991,1,14,1,1555,1550,1701,1658,US,124,NA,66,68,NA,3,5,CVG,CLT,335,NA,NA,0,NA,0,NA,NA,NA,NA,NA
1991,1,15,2,1553,1550,1708,1658,US,124,NA,75,68,NA,10,3,CVG,CLT,335,NA,NA,0,NA,0,NA,NA,NA,NA,NA
1991,1,16,3,1554,1550,1700,1658,US,124,NA,66,68,NA,2,4,CVG,CLT,335,NA,NA,0,NA,0,NA,NA,NA,NA,NA
1991,1,17,4,1549,1550,1652,1658,US,124,NA,63,68,NA,-6,-1,CVG,CLT,335,NA,NA,0,NA,0,NA,NA,NA,NA,NA
1991,1,18,5,1549,1550,1659,1658,US,124,NA,70,68,NA,1,-1,CVG,CLT,335,NA,NA,0,NA,0,NA,NA,NA,NA,NA
1991,1,19,6,1546,1550,1653,1658,US,124,NA,67,68,NA,-5,-4,CVG,CLT,335,NA,NA,0,NA,0,NA,NA,NA,NA,NA
1991,1,20,7,1547,1550,1653,1658,US,124,NA,66,68,NA,-5,-3,CVG,CLT,335,NA,NA,0,NA,0,NA,NA,NA,NA,NA
1991,1,21,1,1550,1550,1701,1658,US,124,NA,71,68,NA,3,0,CVG,CLT,335,NA,NA,0,NA,0,NA,NA,NA,NA,NA
1991,1,22,2,1548,1550,1657,1658,US,124,NA,69,68,NA,-1,-2,CVG,CLT,335,NA,NA,0,NA,0,NA,NA,NA,NA,NA
1991,1,23,3,1548,1550,1651,1658,US,124,NA,63,68,NA,-7,-2,CVG,CLT,335,NA,NA,0,NA,0,NA,NA,NA,NA,NA
1991,1,24,4,1605,1550,1716,1658,US,124,NA,71,68,NA,18,15,CVG,CLT,335,NA,NA,0,NA,0,NA,NA,NA,NA,NA
1991,1,25,5,1550,1550,1657,1658,US,124,NA,67,68,NA,-1,0,CVG,CLT,335,NA,NA,0,NA,0,NA,NA,NA,NA,NA
1991,1,26,6,1550,1550,1656,1658,US,124,NA,66,68,NA,-2,0,CVG,CLT,335,NA,NA,0,NA,0,NA,NA,NA,NA,NA
1991,1,27,7,1551,1550,1656,1658,US,124,NA,65,68,NA,-2,1,CVG,CLT,335,NA,NA,0,NA,0,NA,NA,NA,NA,NA
1991,1,28,1,1547,1550,1653,1658,US,124,NA,66,68,NA,-5,-3,CVG,CLT,335,NA,NA,0,NA,0,NA,NA,NA,NA,NA
1991,1,29,2,1550,1550,1657,1658,US,124,NA,67,68,NA,-1,0,CVG,CLT,335,NA,NA,0,NA,0,NA,NA,NA,NA,NA
1991,1,30,3,1553,1550,1713,1658,US,124,NA,80,68,NA,15,3,CVG,CLT,335,NA,NA,0,NA,0,NA,NA,NA,NA,NA
1991,1,31,4,1549,1550,1703,1658,US,124,NA,74,68,NA,5,-1,CVG,CLT,335,NA,NA,0,NA,0,NA,NA,NA,NA,NA
1991,1,8,2,2000,2000,2047,2059,US,124,NA,47,59,NA,-12,0,EWR,SYR,194,NA,NA,0,NA,0,NA,NA,NA,NA,NA
1991,1,9,3,2032,2000,2127,2059,US,124,NA,55,59,NA,28,32,EWR,SYR,194,NA,NA,0,NA,0,NA,NA,NA,NA,NA
1991,1,10,4,2012,2000,2104,2059,US,124,NA,52,59,NA,5,12,EWR,SYR,194,NA,NA,0,NA,0,NA,NA,NA,NA,NA
1991,1,11,5,2202,2000,2311,2059,US,124,NA,69,59,NA,132,122,EWR,SYR,194,NA,NA,0,NA,0,NA,NA,NA,NA,NA
1991,1,13,7,2003,2000,2053,2059,US,124,NA,50,59,NA,-6,3,EWR,SYR,194,NA,NA,0,NA,0,NA,NA,NA,NA,NA
1991,1,15,2,2002,2000,2052,2059,US,124,NA,50,59,NA,-7,2,EWR,SYR,194,NA,NA,0,NA,0,NA,NA,NA,NA,NA
1991,1,16,3,2120,2000,2220,2059,US,124,NA,60,59,NA,81,80,EWR,SYR,194,NA,NA,0,NA,0,NA,NA,NA,NA,NA
1991,1,17,4,2008,2000,2056,2059,US,124,NA,48,59,NA,-3,8,EWR,SYR,194,NA,NA,0,NA,0,NA,NA,NA,NA,NA
1991,1,18,5,2012,2000,2121,2059,US,124,NA,69,59,NA,22,12,EWR,SYR,194,NA,NA,0,NA,0,NA,NA,NA,NA,NA
1991,1,20,7,2000,2000,2050,2059,US,124,NA,50,59,NA,-9,0,EWR,SYR,194,NA,NA,0,NA,0,NA,NA,NA,NA,NA
1991,1,21,1,1959,2000,2054,2059,US,124,NA,55,59,NA,-5,-1,EWR,SYR,194,NA,NA,0,NA,0,NA,NA,NA,NA,NA
1991,1,22,2,2000,2000,2052,2059,US,124,NA,52,59,NA,-7,0,EWR,SYR,194,NA,NA,0,NA,0,NA,NA,NA,NA,NA
1991,1,23,3,1958,2000,2050,2059,US,124,NA,52,59,NA,-9,-2,EWR,SYR,194,NA,NA,0,NA,0,NA,NA,NA,NA,NA
1991,1,24,4,2001,2000,2054,2059,US,124,NA,53,59,NA,-5,1,EWR,SYR,194,NA,NA,0,NA,0,NA,NA,NA,NA,NA
1991,1,25,5,1958,2000,2050,2059,US,124,NA,52,59,NA,-9,-2,EWR,SYR,194,NA,NA,0,NA,0,NA,NA,NA,NA,NA
1991,1,27,7,1958,2000,2052,2059,US,124,NA,54,59,NA,-7,-2,EWR,SYR,194,NA,NA,0,NA,0,NA,NA,NA,NA,NA
1991,1,28,1,1959,2000,2050,2059,US,124,NA,51,59,NA,-9,-1,EWR,SYR,194,NA,NA,0,NA,0,NA,NA,NA,NA,NA
1991,1,29,2,1958,2000,2052,2059,US,124,NA,54,59,NA,-7,-2,EWR,SYR,194,NA,NA,0,NA,0,NA,NA,NA,NA,NA
1991,1,30,3,2000,2000,2051,2059,US,124,NA,51,59,NA,-8,0,EWR,SYR,194,NA,NA,0,NA,0,NA,NA,NA,NA,NA
1991,1,31,4,2000,2000,2059,2059,US,124,NA,59,59,NA,0,0,EWR,SYR,194,NA,NA,0,NA,0,NA,NA,NA,NA,NA
1991,1,2,3,643,645,800,800,US,124,NA,77,75,NA,0,-2,SMF,LAX,373,NA,NA,0,NA,0,NA,NA,NA,NA,NA
1991,1,3,4,645,645,800,800,US,124,NA,75,75,NA,0,0,SMF,LAX,373,NA,NA,0,NA,0,NA,NA,NA,NA,NA
1991,1,4,5,644,645,808,800,US,124,NA,84,75,NA,8,-1,SMF,LAX,373,NA,NA,0,NA,0,NA,NA,NA,NA,NA
1991,1,5,6,659,645,822,800,US,124,NA,83,75,NA,22,14,SMF,LAX,373,NA,NA,0,NA,0,NA,NA,NA,NA,NA
1991,1,7,1,645,645,804,800,US,124,NA,79,75,NA,4,0,SMF,LAX,373,NA,NA,0,NA,0,NA,NA,NA,NA,NA
1991,1,1,2,1324,1320,1415,1416,US,125,NA,51,56,NA,-1,4,PIT,AVP,243,NA,NA,0,NA,0,NA,NA,NA,NA,NA
1991,1,2,3,1342,1320,1433,1416,US,125,NA,51,56,NA,17,22,PIT,AVP,243,NA,NA,0,NA,0,NA,NA,NA,NA,NA
1991,1,3,4,1333,1320,1432,1416,US,125,NA,59,56,NA,16,13,PIT,AVP,243,NA,NA,0,NA,0,NA,NA,NA,NA,NA
1991,1,4,5,1329,1320,1424,1416,US,125,NA,55,56,NA,8,9,PIT,AVP,243,NA,NA,0,NA,0,NA,NA,NA,NA,NA
1991,1,5,6,1346,1320,1509,1416,US,125,NA,83,56,NA,53,26,PIT,AVP,243,NA,NA,0,NA,0,NA,NA,NA,NA,NA
1991,1,6,7,1320,1320,1420,1416,US,125,NA,60,56,NA,4,0,PIT,AVP,243,NA,NA,0,NA,0,NA,NA,NA,NA,NA
1991,1,7,1,1320,1320,1425,1416,US,125,NA,65,56,NA,9,0,PIT,AVP,243,NA,NA,0,NA,0,NA,NA,NA,NA,NA
1991,1,8,2,1320,1320,1440,1416,US,125,NA,80,56,NA,24,0,PIT,AVP,243,NA,NA,0,NA,0,NA,NA,NA,NA,NA
1991,1,9,3,1321,1320,1410,1416,US,125,NA,49,56,NA,-6,1,PIT,AVP,243,NA,NA,0,NA,0,NA,NA,NA,NA,NA
1991,1,10,4,1321,1320,1418,1416,US,125,NA,57,56,NA,2,1,PIT,AVP,243,NA,NA,0,NA,0,NA,NA,NA,NA,NA
1991,1,11,5,1321,1320,1418,1416,US,125,NA,57,56,NA,2,1,PIT,AVP,243,NA,NA,0,NA,0,NA,NA,NA,NA,NA
1991,1,12,6,1320,1320,1415,1416,US,125,NA,55,56,NA,-1,0,PIT,AVP,243,NA,NA,0,NA,0,NA,NA,NA,NA,NA
1991,1,13,7,1320,1320,1411,1416,US,125,NA,51,56,NA,-5,0,PIT,AVP,243,NA,NA,0,NA,0,NA,NA,NA,NA,NA
1991,1,14,1,1329,1320,1435,1416,US,125,NA,66,56,NA,19,9,PIT,AVP,243,NA,NA,0,NA,0,NA,NA,NA,NA,NA
1991,1,15,2,1320,1320,1419,1416,US,125,NA,59,56,NA,3,0,PIT,AVP,243,NA,NA,0,NA,0,NA,NA,NA,NA,NA
1991,1,16,3,1326,1320,1416,1416,US,125,NA,50,56,NA,0,6,PIT,AVP,243,NA,NA,0,NA,0,NA,NA,NA,NA,NA
1991,1,17,4,1339,1320,1438,1416,US,125,NA,59,56,NA,22,19,PIT,AVP,243,NA,NA,0,NA,0,NA,NA,NA,NA,NA
1991,1,18,5,1328,1320,1438,1416,US,125,NA,70,56,NA,22,8,PIT,AVP,243,NA,NA,0,NA,0,NA,NA,NA,NA,NA
1991,1,19,6,1318,1320,1408,1416,US,125,NA,50,56,NA,-8,-2,PIT,AVP,243,NA,NA,0,NA,0,NA,NA,NA,NA,NA
1991,1,20,7,1336,1320,1426,1416,US,125,NA,50,56,NA,10,16,PIT,AVP,243,NA,NA,0,NA,0,NA,NA,NA,NA,NA
1991,1,21,1,1321,1320,1420,1416,US,125,NA,59,56,NA,4,1,PIT,AVP,243,NA,NA,0,NA,0,NA,NA,NA,NA,NA
1991,1,22,2,1333,1320,1438,1416,US,125,NA,65,56,NA,22,13,PIT,AVP,243,NA,NA,0,NA,0,NA,NA,NA,NA,NA
1991,1,23,3,1318,1320,1413,1416,US,125,NA,55,56,NA,-3,-2,PIT,AVP,243,NA,NA,0,NA,0,NA,NA,NA,NA,NA
1991,1,24,4,1319,1320,1414,1416,US,125,NA,55,56,NA,-2,-1,PIT,AVP,243,NA,NA,0,NA,0,NA,NA,NA,NA,NA
1991,1,25,5,1320,1320,1417,1416,US,125,NA,57,56,NA,1,0,PIT,AVP,243,NA,NA,0,NA,0,NA,NA,NA,NA,NA
1991,1,26,6,1320,1320,1442,1416,US,125,NA,82,56,NA,26,0,PIT,AVP,243,NA,NA,0,NA,0,NA,NA,NA,NA,NA
1991,1,27,7,1328,1320,1418,1416,US,125,NA,50,56,NA,2,8,PIT,AVP,243,NA,NA,0,NA,0,NA,NA,NA,NA,NA
1991,1,28,1,1321,1320,1424,1416,US,125,NA,63,56,NA,8,1,PIT,AVP,243,NA,NA,0,NA,0,NA,NA,NA,NA,NA
1991,1,29,2,1339,1320,1445,1416,US,125,NA,66,56,NA,29,19,PIT,AVP,243,NA,NA,0,NA,0,NA,NA,NA,NA,NA
1991,1,30,3,1319,1320,1447,1416,US,125,NA,88,56,NA,31,-1,PIT,AVP,243,NA,NA,0,NA,0,NA,NA,NA,NA,NA
1991,1,31,4,1324,1320,1417,1416,US,125,NA,53,56,NA,1,4,PIT,AVP,243,NA,NA,0,NA,0,NA,NA,NA,NA,NA
1991,1,1,2,946,945,1222,1222,US,125,NA,96,97,NA,0,1,STL,PIT,553,NA,NA,0,NA,0,NA,NA,NA,NA,NA
1991,1,2,3,1020,945,1301,1222,US,125,NA,101,97,NA,39,35,STL,PIT,553,NA,NA,0,NA,0,NA,NA,NA,NA,NA
1991,1,3,4,1006,945,1243,1222,US,125,NA,97,97,NA,21,21,STL,PIT,553,NA,NA,0,NA,0,NA,NA,NA,NA,NA
1991,1,4,5,956,945,1219,1222,US,125,NA,83,97,NA,-3,11,STL,PIT,553,NA,NA,0,NA,0,NA,NA,NA,NA,NA
1991,1,5,6,NA,945,NA,1222,US,125,NA,NA,97,NA,NA,NA,STL,PIT,553,NA,NA,1,NA,0,NA,NA,NA,NA,NA
1991,1,6,7,945,945,1215,1222,US,125,NA,90,97,NA,-7,0,STL,PIT,553,NA,NA,0,NA,0,NA,NA,NA,NA,NA
1991,1,7,1,945,945,1225,1222,US,125,NA,100,97,NA,3,0,STL,PIT,553,NA,NA,0,NA,0,NA,NA,NA,NA,NA
1991,1,8,2,950,945,1242,1222,US,125,NA,112,97,NA,20,5,STL,PIT,553,NA,NA,0,NA,0,NA,NA,NA,NA,NA
1991,1,9,3,945,945,1233,1222,US,125,NA,108,97,NA,11,0,STL,PIT,553,NA,NA,0,NA,0,NA,NA,NA,NA,NA
1991,1,10,4,1009,945,1239,1222,US,125,NA,90,97,NA,17,24,STL,PIT,553,NA,NA,0,NA,0,NA,NA,NA,NA,NA
1991,1,11,5,949,945,1230,1222,US,125,NA,101,97,NA,8,4,STL,PIT,553,NA,NA,0,NA,0,NA,NA,NA,NA,NA
1991,1,12,6,943,945,1222,1222,US,125,NA,99,97,NA,0,-2,STL,PIT,553,NA,NA,0,NA,0,NA,NA,NA,NA,NA
1991,1,13,7,949,945,1224,1222,US,125,NA,95,97,NA,2,4,STL,PIT,553,NA,NA,0,NA,0,NA,NA,NA,NA,NA
1991,1,14,1,947,945,1215,1222,US,125,NA,88,97,NA,-7,2,STL,PIT,553,NA,NA,0,NA,0,NA,NA,NA,NA,NA
1991,1,15,2,944,945,1209,1222,US,125,NA,85,97,NA,-13,-1,STL,PIT,553,NA,NA,0,NA,0,NA,NA,NA,NA,NA
1991,1,16,3,1007,945,1250,1222,US,125,NA,103,97,NA,28,22,STL,PIT,553,NA,NA,0,NA,0,NA,NA,NA,NA,NA
1991,1,17,4,1006,945,1250,1222,US,125,NA,104,97,NA,28,21,STL,PIT,553,NA,NA,0,NA,0,NA,NA,NA,NA,NA
1991,1,18,5,1013,945,1245,1222,US,125,NA,92,97,NA,23,28,STL,PIT,553,NA,NA,0,NA,0,NA,NA,NA,NA,NA
1991,1,19,6,944,945,1224,1222,US,125,NA,100,97,NA,2,-1,STL,PIT,553,NA,NA,0,NA,0,NA,NA,NA,NA,NA
1991,1,20,7,956,945,1231,1222,US,125,NA,95,97,NA,9,11,STL,PIT,553,NA,NA,0,NA,0,NA,NA,NA,NA,NA
1991,1,21,1,944,945,1231,1222,US,125,NA,107,97,NA,9,-1,STL,PIT,553,NA,NA,0,NA,0,NA,NA,NA,NA,NA
1991,1,22,2,943,945,1224,1222,US,125,NA,101,97,NA,2,-2,STL,PIT,553,NA,NA,0,NA,0,NA,NA,NA,NA,NA
1991,1,23,3,958,945,1212,1222,US,125,NA,74,97,NA,-10,13,STL,PIT,553,NA,NA,0,NA,0,NA,NA,NA,NA,NA
1991,1,24,4,944,945,1216,1222,US,125,NA,92,97,NA,-6,-1,STL,PIT,553,NA,NA,0,NA,0,NA,NA,NA,NA,NA
1991,1,25,5,943,945,1208,1222,US,125,NA,85,97,NA,-14,-2,STL,PIT,553,NA,NA,0,NA,0,NA,NA,NA,NA,NA
1991,1,26,6,947,945,1216,1222,US,125,NA,89,97,NA,-6,2,STL,PIT,553,NA,NA,0,NA,0,NA,NA,NA,NA,NA
1991,1,27,7,945,945,1201,1222,US,125,NA,76,97,NA,-21,0,STL,PIT,553,NA,NA,0,NA,0,NA,NA,NA,NA,NA
1991,1,28,1,945,945,1215,1222,US,125,NA,90,97,NA,-7,0,STL,PIT,553,NA,NA,0,NA,0,NA,NA,NA,NA,NA
1991,1,29,2,NA,945,NA,1222,US,125,NA,NA,97,NA,NA,NA,STL,PIT,553,NA,NA,1,NA,0,NA,NA,NA,NA,NA
1991,1,30,3,944,945,1229,1222,US,125,NA,105,97,NA,7,-1,STL,PIT,553,NA,NA,0,NA,0,NA,NA,NA,NA,NA
1991,1,31,4,943,945,1224,1222,US,125,NA,101,97,NA,2,-2,STL,PIT,553,NA,NA,0,NA,0,NA,NA,NA,NA,NA
1991,1,1,2,1023,1020,1225,1234,US,126,NA,122,134,NA,-9,3,MCO,PIT,834,NA,NA,0,NA,0,NA,NA,NA,NA,NA
1991,1,2,3,1022,1020,1221,1234,US,126,NA,119,134,NA,-13,2,MCO,PIT,834,NA,NA,0,NA,0,NA,NA,NA,NA,NA
1991,1,3,4,1026,1020,1230,1234,US,126,NA,124,134,NA,-4,6,MCO,PIT,834,NA,NA,0,NA,0,NA,NA,NA,NA,NA
1991,1,4,5,1020,1020,1227,1234,US,126,NA,127,134,NA,-7,0,MCO,PIT,834,NA,NA,0,NA,0,NA,NA,NA,NA,NA
1991,1,5,6,1026,1020,NA,1234,US,126,NA,NA,134,NA,NA,6,MCO,PIT,834,NA,NA,0,NA,1,NA,NA,NA,NA,NA
1991,1,6,7,1027,1020,1248,1234,US,126,NA,141,134,NA,14,7,MCO,PIT,834,NA,NA,0,NA,0,NA,NA,NA,NA,NA
1991,1,7,1,1024,1020,1233,1234,US,126,NA,129,134,NA,-1,4,MCO,PIT,834,NA,NA,0,NA,0,NA,NA,NA,NA,NA
1991,1,8,2,1020,1020,1236,1234,US,126,NA,136,134,NA,2,0,MCO,PIT,834,NA,NA,0,NA,0,NA,NA,NA,NA,NA
1991,1,9,3,1022,1020,1233,1234,US,126,NA,131,134,NA,-1,2,MCO,PIT,834,NA,NA,0,NA,0,NA,NA,NA,NA,NA
1991,1,10,4,1022,1020,1223,1234,US,126,NA,121,134,NA,-11,2,MCO,PIT,834,NA,NA,0,NA,0,NA,NA,NA,NA,NA
1991,1,11,5,1022,1020,1230,1234,US,126,NA,128,134,NA,-4,2,MCO,PIT,834,NA,NA,0,NA,0,NA,NA,NA,NA,NA
1991,1,12,6,1019,1020,1223,1234,US,126,NA,124,134,NA,-11,-1,MCO,PIT,834,NA,NA,0,NA,0,NA,NA,NA,NA,NA
1991,1,13,7,1018,1020,1227,1234,US,126,NA,129,134,NA,-7,-2,MCO,PIT,834,NA,NA,0,NA,0,NA,NA,NA,NA,NA
1991,1,14,1,1020,1020,1226,1234,US,126,NA,126,134,NA,-8,0,MCO,PIT,834,NA,NA,0,NA,0,NA,NA,NA,NA,NA
1991,1,15,2,1023,1020,1221,1234,US,126,NA,118,134,NA,-13,3,MCO,PIT,834,NA,NA,0,NA,0,NA,NA,NA,NA,NA
1991,1,16,3,1019,1020,1223,1234,US,126,NA,124,134,NA,-11,-1,MCO,PIT,834,NA,NA,0,NA,0,NA,NA,NA,NA,NA
1991,1,17,4,1020,1020,1304,1234,US,126,NA,164,134,NA,30,0,MCO,PIT,834,NA,NA,0,NA,0,NA,NA,NA,NA,NA
1991,1,18,5,1027,1020,1226,1234,US,126,NA,119,134,NA,-8,7,MCO,PIT,834,NA,NA,0,NA,0,NA,NA,NA,NA,NA
1991,1,19,6,1019,1020,1225,1234,US,126,NA,126,134,NA,-9,-1,MCO,PIT,834,NA,NA,0,NA,0,NA,NA,NA,NA,NA
1991,1,20,7,1022,1020,1232,1234,US,126,NA,130,134,NA,-2,2,MCO,PIT,834,NA,NA,0,NA,0,NA,NA,NA,NA,NA
1991,1,21,1,1032,1020,1242,1234,US,126,NA,130,134,NA,8,12,MCO,PIT,834,NA,NA,0,NA,0,NA,NA,NA,NA,NA
1991,1,22,2,1024,1020,1238,1234,US,126,NA,134,134,NA,4,4,MCO,PIT,834,NA,NA,0,NA,0,NA,NA,NA,NA,NA
1991,1,23,3,1020,1020,1227,1234,US,126,NA,127,134,NA,-7,0,MCO,PIT,834,NA,NA,0,NA,0,NA,NA,NA,NA,NA
1991,1,24,4,1019,1020,1219,1234,US,126,NA,120,134,NA,-15,-1,MCO,PIT,834,NA,NA,0,NA,0,NA,NA,NA,NA,NA
1991,1,25,5,1019,1020,1222,1234,US,126,NA,123,134,NA,-12,-1,MCO,PIT,834,NA,NA,0,NA,0,NA,NA,NA,NA,NA
1991,1,26,6,1022,1020,1238,1234,US,126,NA,136,134,NA,4,2,MCO,PIT,834,NA,NA,0,NA,0,NA,NA,NA,NA,NA
1991,1,27,7,1022,1020,1224,1234,US,126,NA,122,134,NA,-10,2,MCO,PIT,834,NA,NA,0,NA,0,NA,NA,NA,NA,NA
1991,1,28,1,1021,1020,1224,1234,US,126,NA,123,134,NA,-10,1,MCO,PIT,834,NA,NA,0,NA,0,NA,NA,NA,NA,NA
1991,1,29,2,1021,1020,1229,1234,US,126,NA,128,134,NA,-5,1,MCO,PIT,834,NA,NA,0,NA,0,NA,NA,NA,NA,NA
1991,1,30,3,1020,1020,1226,1234,US,126,NA,126,134,NA,-8,0,MCO,PIT,834,NA,NA,0,NA,0,NA,NA,NA,NA,NA
1991,1,31,4,1021,1020,1224,1234,US,126,NA,123,134,NA,-10,1,MCO,PIT,834,NA,NA,0,NA,0,NA,NA,NA,NA,NA
1991,1,1,2,1331,1330,1450,1445,US,126,NA,79,75,NA,5,1,PIT,ISP,375,NA,NA,0,NA,0,NA,NA,NA,NA,NA
1991,1,2,3,1329,1330,1450,1445,US,126,NA,81,75,NA,5,-1,PIT,ISP,375,NA,NA,0,NA,0,NA,NA,NA,NA,NA
1991,1,3,4,1331,1330,1451,1445,US,126,NA,80,75,NA,6,1,PIT,ISP,375,NA,NA,0,NA,0,NA,NA,NA,NA,NA
1991,1,4,5,1331,1330,1502,1445,US,126,NA,91,75,NA,17,1,PIT,ISP,375,NA,NA,0,NA,0,NA,NA,NA,NA,NA
1991,1,5,6,1542,1330,1728,1445,US,126,NA,106,75,NA,163,132,PIT,ISP,375,NA,NA,0,NA,0,NA,NA,NA,NA,NA
1991,1,6,7,1337,1330,1515,1445,US,126,NA,98,75,NA,30,7,PIT,ISP,375,NA,NA,0,NA,0,NA,NA,NA,NA,NA
1991,1,7,1,1358,1330,1520,1445,US,126,NA,82,75,NA,35,28,PIT,ISP,375,NA,NA,0,NA,0,NA,NA,NA,NA,NA
1991,1,8,2,1343,1325,1529,1437,US,126,NA,106,72,NA,52,18,PIT,ISP,375,NA,NA,0,NA,0,NA,NA,NA,NA,NA
1991,1,9,3,1324,1325,1444,1437,US,126,NA,80,72,NA,7,-1,PIT,ISP,375,NA,NA,0,NA,0,NA,NA,NA,NA,NA
1991,1,10,4,1323,1325,1455,1437,US,126,NA,92,72,NA,18,-2,PIT,ISP,375,NA,NA,0,NA,0,NA,NA,NA,NA,NA
1991,1,11,5,1327,1325,1456,1437,US,126,NA,89,72,NA,19,2,PIT,ISP,375,NA,NA,0,NA,0,NA,NA,NA,NA,NA
1991,1,12,6,1330,1325,1500,1437,US,126,NA,90,72,NA,23,5,PIT,ISP,375,NA,NA,0,NA,0,NA,NA,NA,NA,NA
1991,1,13,7,1325,1325,1445,1437,US,126,NA,80,72,NA,8,0,PIT,ISP,375,NA,NA,0,NA,0,NA,NA,NA,NA,NA
1991,1,14,1,1319,1325,1453,1437,US,126,NA,94,72,NA,16,-6,PIT,ISP,375,NA,NA,0,NA,0,NA,NA,NA,NA,NA
1991,1,15,2,1325,1325,1451,1437,US,126,NA,86,72,NA,14,0,PIT,ISP,375,NA,NA,0,NA,0,NA,NA,NA,NA,NA
1991,1,16,3,1322,1325,1444,1437,US,126,NA,82,72,NA,7,-3,PIT,ISP,375,NA,NA,0,NA,0,NA,NA,NA,NA,NA
1991,1,17,4,1335,1325,1514,1437,US,126,NA,99,72,NA,37,10,PIT,ISP,375,NA,NA,0,NA,0,NA,NA,NA,NA,NA
1991,1,18,5,1326,1325,1459,1437,US,126,NA,93,72,NA,22,1,PIT,ISP,375,NA,NA,0,NA,0,NA,NA,NA,NA,NA
1991,1,19,6,1322,1325,1451,1437,US,126,NA,89,72,NA,14,-3,PIT,ISP,375,NA,NA,0,NA,0,NA,NA,NA,NA,NA
1991,1,20,7,1322,1325,1452,1437,US,126,NA,90,72,NA,15,-3,PIT,ISP,375,NA,NA,0,NA,0,NA,NA,NA,NA,NA
1991,1,21,1,1323,1325,1457,1437,US,126,NA,94,72,NA,20,-2,PIT,ISP,375,NA,NA,0,NA,0,NA,NA,NA,NA,NA
1991,1,23,3,1327,1325,1501,1437,US,126,NA,94,72,NA,24,2,PIT,ISP,375,NA,NA,0,NA,0,NA,NA,NA,NA,NA
1991,1,24,4,1325,1325,1449,1437,US,126,NA,84,72,NA,12,0,PIT,ISP,375,NA,NA,0,NA,0,NA,NA,NA,NA,NA
1991,1,25,5,1323,1325,1449,1437,US,126,NA,86,72,NA,12,-2,PIT,ISP,375,NA,NA,0,NA,0,NA,NA,NA,NA,NA
1991,1,26,6,1325,1325,1515,1437,US,126,NA,110,72,NA,38,0,PIT,ISP,375,NA,NA,0,NA,0,NA,NA,NA,NA,NA
1991,1,27,7,1327,1325,1500,1437,US,126,NA,93,72,NA,23,2,PIT,ISP,375,NA,NA,0,NA,0,NA,NA,NA,NA,NA
1991,1,28,1,1323,1325,1512,1437,US,126,NA,109,72,NA,35,-2,PIT,ISP,375,NA,NA,0,NA,0,NA,NA,NA,NA,NA
1991,1,29,2,1325,1325,1456,1437,US,126,NA,91,72,NA,19,0,PIT,ISP,375,NA,NA,0,NA,0,NA,NA,NA,NA,NA
1991,1,30,3,1322,1325,1519,1437,US,126,NA,117,72,NA,42,-3,PIT,ISP,375,NA,NA,0,NA,0,NA,NA,NA,NA,NA
1991,1,31,4,1325,1325,1452,1437,US,126,NA,87,72,NA,15,0,PIT,ISP,375,NA,NA,0,NA,0,NA,NA,NA,NA,NA
1991,1,2,3,NA,840,NA,927,US,126,NA,NA,47,NA,NA,NA,TLH,MCO,227,NA,NA,1,NA,0,NA,NA,NA,NA,NA
1991,1,3,4,837,840,928,927,US,126,NA,51,47,NA,1,-3,TLH,MCO,227,NA,NA,0,NA,0,NA,NA,NA,NA,NA
1991,1,4,5,839,840,927,927,US,126,NA,48,47,NA,0,-1,TLH,MCO,227,NA,NA,0,NA,0,NA,NA,NA,NA,NA
1991,1,7,1,NA,840,NA,927,US,126,NA,NA,47,NA,NA,NA,TLH,MCO,227,NA,NA,1,NA,0,NA,NA,NA,NA,NA
1991,1,8,2,836,840,923,927,US,126,NA,47,47,NA,-4,-4,TLH,MCO,227,NA,NA,0,NA,0,NA,NA,NA,NA,NA
1991,1,9,3,839,840,940,927,US,126,NA,61,47,NA,13,-1,TLH,MCO,227,NA,NA,0,NA,0,NA,NA,NA,NA,NA
1991,1,10,4,837,840,923,927,US,126,NA,46,47,NA,-4,-3,TLH,MCO,227,NA,NA,0,NA,0,NA,NA,NA,NA,NA
1991,1,11,5,838,840,924,927,US,126,NA,46,47,NA,-3,-2,TLH,MCO,227,NA,NA,0,NA,0,NA,NA,NA,NA,NA
1991,1,14,1,839,840,925,927,US,126,NA,46,47,NA,-2,-1,TLH,MCO,227,NA,NA,0,NA,0,NA,NA,NA,NA,NA
1991,1,15,2,837,840,927,927,US,126,NA,50,47,NA,0,-3,TLH,MCO,227,NA,NA,0,NA,0,NA,NA,NA,NA,NA
1991,1,16,3,837,840,929,927,US,126,NA,52,47,NA,2,-3,TLH,MCO,227,NA,NA,0,NA,0,NA,NA,NA,NA,NA
1991,1,17,4,838,840,928,927,US,126,NA,50,47,NA,1,-2,TLH,MCO,227,NA,NA,0,NA,0,NA,NA,NA,NA,NA
1991,1,18,5,835,840,927,927,US,126,NA,52,47,NA,0,-5,TLH,MCO,227,NA,NA,0,NA,0,NA,NA,NA,NA,NA
1991,1,22,2,837,840,921,927,US,126,NA,44,47,NA,-6,-3,TLH,MCO,227,NA,NA,0,NA,0,NA,NA,NA,NA,NA
1991,1,23,3,839,840,919,927,US,126,NA,40,47,NA,-8,-1,TLH,MCO,227,NA,NA,0,NA,0,NA,NA,NA,NA,NA
1991,1,24,4,838,840,919,927,US,126,NA,41,47,NA,-8,-2,TLH,MCO,227,NA,NA,0,NA,0,NA,NA,NA,NA,NA
1991,1,25,5,836,840,924,927,US,126,NA,48,47,NA,-3,-4,TLH,MCO,227,NA,NA,0,NA,0,NA,NA,NA,NA,NA
1991,1,28,1,837,840,923,927,US,126,NA,46,47,NA,-4,-3,TLH,MCO,227,NA,NA,0,NA,0,NA,NA,NA,NA,NA
1991,1,29,2,837,840,932,927,US,126,NA,55,47,NA,5,-3,TLH,MCO,227,NA,NA,0,NA,0,NA,NA,NA,NA,NA
1991,1,30,3,839,840,927,927,US,126,NA,48,47,NA,0,-1,TLH,MCO,227,NA,NA,0,NA,0,NA,NA,NA,NA,NA
1991,1,31,4,838,840,927,927,US,126,NA,49,47,NA,0,-2,TLH,MCO,227,NA,NA,0,NA,0,NA,NA,NA,NA,NA
1991,1,1,2,1816,1810,2048,2039,US,127,NA,152,149,NA,9,6,PBI,PIT,952,NA,NA,0,NA,0,NA,NA,NA,NA,NA
1991,1,2,3,1810,1810,2030,2039,US,127,NA,140,149,NA,-9,0,PBI,PIT,952,NA,NA,0,NA,0,NA,NA,NA,NA,NA
1991,1,3,4,1813,1810,2037,2039,US,127,NA,144,149,NA,-2,3,PBI,PIT,952,NA,NA,0,NA,0,NA,NA,NA,NA,NA
1991,1,4,5,1812,1810,2037,2039,US,127,NA,145,149,NA,-2,2,PBI,PIT,952,NA,NA,0,NA,0,NA,NA,NA,NA,NA
1991,1,5,6,1855,1810,2129,2039,US,127,NA,154,149,NA,50,45,PBI,PIT,952,NA,NA,0,NA,0,NA,NA,NA,NA,NA
1991,1,6,7,1906,1810,2124,2039,US,127,NA,138,149,NA,45,56,PBI,PIT,952,NA,NA,0,NA,0,NA,NA,NA,NA,NA
1991,1,7,1,1836,1810,2101,2039,US,127,NA,145,149,NA,22,26,PBI,PIT,952,NA,NA,0,NA,0,NA,NA,NA,NA,NA
1991,1,8,2,1824,1810,2058,2039,US,127,NA,154,149,NA,19,14,PBI,PIT,952,NA,NA,0,NA,0,NA,NA,NA,NA,NA
1991,1,9,3,1807,1810,2042,2039,US,127,NA,155,149,NA,3,-3,PBI,PIT,952,NA,NA,0,NA,0,NA,NA,NA,NA,NA
1991,1,10,4,1815,1810,2042,2039,US,127,NA,147,149,NA,3,5,PBI,PIT,952,NA,NA,0,NA,0,NA,NA,NA,NA,NA
1991,1,11,5,2140,1810,2358,2039,US,127,NA,138,149,NA,199,210,PBI,PIT,952,NA,NA,0,NA,0,NA,NA,NA,NA,NA
1991,1,12,6,1810,1810,2036,2039,US,127,NA,146,149,NA,-3,0,PBI,PIT,952,NA,NA,0,NA,0,NA,NA,NA,NA,NA
1991,1,13,7,1822,1810,2047,2039,US,127,NA,145,149,NA,8,12,PBI,PIT,952,NA,NA,0,NA,0,NA,NA,NA,NA,NA
1991,1,14,1,1846,1810,2114,2039,US,127,NA,148,149,NA,35,36,PBI,PIT,952,NA,NA,0,NA,0,NA,NA,NA,NA,NA
1991,1,15,2,1817,1810,2028,2039,US,127,NA,131,149,NA,-11,7,PBI,PIT,952,NA,NA,0,NA,0,NA,NA,NA,NA,NA
1991,1,16,3,1819,1810,2035,2039,US,127,NA,136,149,NA,-4,9,PBI,PIT,952,NA,NA,0,NA,0,NA,NA,NA,NA,NA
1991,1,17,4,1810,1810,2041,2039,US,127,NA,151,149,NA,2,0,PBI,PIT,952,NA,NA,0,NA,0,NA,NA,NA,NA,NA
1991,1,18,5,1809,1810,2040,2039,US,127,NA,151,149,NA,1,-1,PBI,PIT,952,NA,NA,0,NA,0,NA,NA,NA,NA,NA
1991,1,19,6,1812,1810,2037,2039,US,127,NA,145,149,NA,-2,2,PBI,PIT,952,NA,NA,0,NA,0,NA,NA,NA,NA,NA
1991,1,20,7,1811,1810,2045,2039,US,127,NA,154,149,NA,6,1,PBI,PIT,952,NA,NA,0,NA,0,NA,NA,NA,NA,NA
1991,1,21,1,1810,1810,2046,2039,US,127,NA,156,149,NA,7,0,PBI,PIT,952,NA,NA,0,NA,0,NA,NA,NA,NA,NA
1991,1,22,2,1808,1810,2032,2039,US,127,NA,144,149,NA,-7,-2,PBI,PIT,952,NA,NA,0,NA,0,NA,NA,NA,NA,NA
1991,1,24,4,1809,1810,2030,2039,US,127,NA,141,149,NA,-9,-1,PBI,PIT,952,NA,NA,0,NA,0,NA,NA,NA,NA,NA
1991,1,25,5,1811,1810,2048,2039,US,127,NA,157,149,NA,9,1,PBI,PIT,952,NA,NA,0,NA,0,NA,NA,NA,NA,NA
1991,1,26,6,1812,1810,2034,2039,US,127,NA,142,149,NA,-5,2,PBI,PIT,952,NA,NA,0,NA,0,NA,NA,NA,NA,NA
1991,1,27,7,1823,1810,2040,2039,US,127,NA,137,149,NA,1,13,PBI,PIT,952,NA,NA,0,NA,0,NA,NA,NA,NA,NA
1991,1,28,1,1817,1810,2037,2039,US,127,NA,140,149,NA,-2,7,PBI,PIT,952,NA,NA,0,NA,0,NA,NA,NA,NA,NA
1991,1,29,2,1810,1810,2031,2039,US,127,NA,141,149,NA,-8,0,PBI,PIT,952,NA,NA,0,NA,0,NA,NA,NA,NA,NA
1991,1,30,3,1819,1810,2047,2039,US,127,NA,148,149,NA,8,9,PBI,PIT,952,NA,NA,0,NA,0,NA,NA,NA,NA,NA
1991,1,31,4,1818,1810,2039,2039,US,127,NA,141,149,NA,0,8,PBI,PIT,952,NA,NA,0,NA,0,NA,NA,NA,NA,NA
1991,1,1,2,2142,2135,2310,2251,US,127,NA,88,76,NA,19,7,PIT,BTV,454,NA,NA,0,NA,0,NA,NA,NA,NA,NA
1991,1,2,3,2142,2135,2249,2251,US,127,NA,67,76,NA,-2,7,PIT,BTV,454,NA,NA,0,NA,0,NA,NA,NA,NA,NA
1991,1,3,4,2140,2135,2247,2251,US,127,NA,67,76,NA,-4,5,PIT,BTV,454,NA,NA,0,NA,0,NA,NA,NA,NA,NA
1991,1,4,5,2135,2135,2257,2251,US,127,NA,82,76,NA,6,0,PIT,BTV,454,NA,NA,0,NA,0,NA,NA,NA,NA,NA
1991,1,5,6,2215,2135,2332,2251,US,127,NA,77,76,NA,41,40,PIT,BTV,454,NA,NA,0,NA,0,NA,NA,NA,NA,NA
1991,1,6,7,2158,2135,2312,2251,US,127,NA,74,76,NA,21,23,PIT,BTV,454,NA,NA,0,NA,0,NA,NA,NA,NA,NA
1991,1,7,1,2149,2135,2308,2251,US,127,NA,79,76,NA,17,14,PIT,BTV,454,NA,NA,0,NA,0,NA,NA,NA,NA,NA
1991,1,8,2,2200,2145,2320,2307,US,127,NA,80,82,NA,13,15,PIT,PVD,467,NA,NA,0,NA,0,NA,NA,NA,NA,NA
1991,1,9,3,2152,2145,2307,2307,US,127,NA,75,82,NA,0,7,PIT,PVD,467,NA,NA,0,NA,0,NA,NA,NA,NA,NA
1991,1,10,4,2146,2145,2300,2307,US,127,NA,74,82,NA,-7,1,PIT,PVD,467,NA,NA,0,NA,0,NA,NA,NA,NA,NA
1991,1,11,5,2314,2145,26,2307,US,127,NA,72,82,NA,79,89,PIT,PVD,467,NA,NA,0,NA,0,NA,NA,NA,NA,NA
1991,1,12,6,2212,2145,30,2307,US,127,NA,138,82,NA,83,27,PIT,PVD,467,NA,NA,0,NA,0,NA,NA,NA,NA,NA
1991,1,13,7,2145,2145,2301,2307,US,127,NA,76,82,NA,-6,0,PIT,PVD,467,NA,NA,0,NA,0,NA,NA,NA,NA,NA
1991,1,14,1,2153,2145,2305,2307,US,127,NA,72,82,NA,-2,8,PIT,PVD,467,NA,NA,0,NA,0,NA,NA,NA,NA,NA
1991,1,15,2,2155,2145,2308,2307,US,127,NA,73,82,NA,1,10,PIT,PVD,467,NA,NA,0,NA,0,NA,NA,NA,NA,NA
1991,1,16,3,NA,2145,NA,2307,US,127,NA,NA,82,NA,NA,NA,PIT,PVD,467,NA,NA,1,NA,0,NA,NA,NA,NA,NA
1991,1,17,4,2145,2145,2300,2307,US,127,NA,75,82,NA,-7,0,PIT,PVD,467,NA,NA,0,NA,0,NA,NA,NA,NA,NA
1991,1,18,5,2151,2145,2308,2307,US,127,NA,77,82,NA,1,6,PIT,PVD,467,NA,NA,0,NA,0,NA,NA,NA,NA,NA
1991,1,19,6,2149,2145,2303,2307,US,127,NA,74,82,NA,-4,4,PIT,PVD,467,NA,NA,0,NA,0,NA,NA,NA,NA,NA
1991,1,20,7,2148,2145,2319,2307,US,127,NA,91,82,NA,12,3,PIT,PVD,467,NA,NA,0,NA,0,NA,NA,NA,NA,NA
1991,1,21,1,2144,2145,2309,2307,US,127,NA,85,82,NA,2,-1,PIT,PVD,467,NA,NA,0,NA,0,NA,NA,NA,NA,NA
1991,1,22,2,2145,2145,2304,2307,US,127,NA,79,82,NA,-3,0,PIT,PVD,467,NA,NA,0,NA,0,NA,NA,NA,NA,NA
1991,1,23,3,2153,2145,2304,2307,US,127,NA,71,82,NA,-3,8,PIT,PVD,467,NA,NA,0,NA,0,NA,NA,NA,NA,NA
1991,1,24,4,2142,2145,2252,2307,US,127,NA,70,82,NA,-15,-3,PIT,PVD,467,NA,NA,0,NA,0,NA,NA,NA,NA,NA
1991,1,25,5,2145,2145,2256,2307,US,127,NA,71,82,NA,-11,0,PIT,PVD,467,NA,NA,0,NA,0,NA,NA,NA,NA,NA
1991,1,26,6,2143,2145,2311,2307,US,127,NA,88,82,NA,4,-2,PIT,PVD,467,NA,NA,0,NA,0,NA,NA,NA,NA,NA
1991,1,27,7,2153,2145,2321,2307,US,127,NA,88,82,NA,14,8,PIT,PVD,467,NA,NA,0,NA,0,NA,NA,NA,NA,NA
1991,1,28,1,2144,2145,2257,2307,US,127,NA,73,82,NA,-10,-1,PIT,PVD,467,NA,NA,0,NA,0,NA,NA,NA,NA,NA
1991,1,29,2,2145,2145,2255,2307,US,127,NA,70,82,NA,-12,0,PIT,PVD,467,NA,NA,0,NA,0,NA,NA,NA,NA,NA
1991,1,30,3,2143,2145,2313,2307,US,127,NA,90,82,NA,6,-2,PIT,PVD,467,NA,NA,0,NA,0,NA,NA,NA,NA,NA
1991,1,31,4,2143,2145,2254,2307,US,127,NA,71,82,NA,-13,-2,PIT,PVD,467,NA,NA,0,NA,0,NA,NA,NA,NA,NA
1991,1,8,2,1140,1140,1225,1238,US,128,NA,45,58,NA,-13,0,DAY,PIT,215,NA,NA,0,NA,0,NA,NA,NA,NA,NA
1991,1,9,3,1150,1140,1249,1238,US,128,NA,59,58,NA,11,10,DAY,PIT,215,NA,NA,0,NA,0,NA,NA,NA,NA,NA
1991,1,10,4,1139,1140,1225,1238,US,128,NA,46,58,NA,-13,-1,DAY,PIT,215,NA,NA,0,NA,0,NA,NA,NA,NA,NA
1991,1,11,5,1146,1140,1247,1238,US,128,NA,61,58,NA,9,6,DAY,PIT,215,NA,NA,0,NA,0,NA,NA,NA,NA,NA
1991,1,12,6,1147,1140,1246,1238,US,128,NA,59,58,NA,8,7,DAY,PIT,215,NA,NA,0,NA,0,NA,NA,NA,NA,NA
1991,1,13,7,1138,1140,1245,1238,US,128,NA,67,58,NA,7,-2,DAY,PIT,215,NA,NA,0,NA,0,NA,NA,NA,NA,NA
1991,1,15,2,1139,1140,1223,1238,US,128,NA,44,58,NA,-15,-1,DAY,PIT,215,NA,NA,0,NA,0,NA,NA,NA,NA,NA
1991,1,16,3,1139,1140,1232,1238,US,128,NA,53,58,NA,-6,-1,DAY,PIT,215,NA,NA,0,NA,0,NA,NA,NA,NA,NA
1991,1,17,4,1151,1140,1258,1238,US,128,NA,67,58,NA,20,11,DAY,PIT,215,NA,NA,0,NA,0,NA,NA,NA,NA,NA
1991,1,18,5,1139,1140,1224,1238,US,128,NA,45,58,NA,-14,-1,DAY,PIT,215,NA,NA,0,NA,0,NA,NA,NA,NA,NA
1991,1,19,6,1137,1140,1235,1238,US,128,NA,58,58,NA,-3,-3,DAY,PIT,215,NA,NA,0,NA,0,NA,NA,NA,NA,NA
1991,1,20,7,1137,1140,1227,1238,US,128,NA,50,58,NA,-11,-3,DAY,PIT,215,NA,NA,0,NA,0,NA,NA,NA,NA,NA
1991,1,21,1,1142,1140,1246,1238,US,128,NA,64,58,NA,8,2,DAY,PIT,215,NA,NA,0,NA,0,NA,NA,NA,NA,NA
1991,1,22,2,1152,1140,1239,1238,US,128,NA,47,58,NA,1,12,DAY,PIT,215,NA,NA,0,NA,0,NA,NA,NA,NA,NA
1991,1,23,3,1139,1140,1223,1238,US,128,NA,44,58,NA,-15,-1,DAY,PIT,215,NA,NA,0,NA,0,NA,NA,NA,NA,NA
1991,1,24,4,1140,1140,1233,1238,US,128,NA,53,58,NA,-5,0,DAY,PIT,215,NA,NA,0,NA,0,NA,NA,NA,NA,NA
1991,1,25,5,1137,1140,1226,1238,US,128,NA,49,58,NA,-12,-3,DAY,PIT,215,NA,NA,0,NA,0,NA,NA,NA,NA,NA
1991,1,26,6,1152,1140,1239,1238,US,128,NA,47,58,NA,1,12,DAY,PIT,215,NA,NA,0,NA,0,NA,NA,NA,NA,NA
1991,1,27,7,1138,1140,1230,1238,US,128,NA,52,58,NA,-8,-2,DAY,PIT,215,NA,NA,0,NA,0,NA,NA,NA,NA,NA
1991,1,28,1,1206,1140,1247,1238,US,128,NA,41,58,NA,9,26,DAY,PIT,215,NA,NA,0,NA,0,NA,NA,NA,NA,NA
1991,1,29,2,1138,1140,1232,1238,US,128,NA,54,58,NA,-6,-2,DAY,PIT,215,NA,NA,0,NA,0,NA,NA,NA,NA,NA
1991,1,30,3,1141,1140,1236,1238,US,128,NA,55,58,NA,-2,1,DAY,PIT,215,NA,NA,0,NA,0,NA,NA,NA,NA,NA
1991,1,31,4,1137,1140,1246,1238,US,128,NA,69,58,NA,8,-3,DAY,PIT,215,NA,NA,0,NA,0,NA,NA,NA,NA,NA
1991,1,1,2,1140,1140,1229,1231,US,128,NA,49,51,NA,-2,0,MDT,PIT,185,NA,NA,0,NA,0,NA,NA,NA,NA,NA
1991,1,2,3,1142,1140,1226,1231,US,128,NA,44,51,NA,-5,2,MDT,PIT,185,NA,NA,0,NA,0,NA,NA,NA,NA,NA
1991,1,3,4,1139,1140,1227,1231,US,128,NA,48,51,NA,-4,-1,MDT,PIT,185,NA,NA,0,NA,0,NA,NA,NA,NA,NA
1991,1,4,5,1138,1140,1224,1231,US,128,NA,46,51,NA,-7,-2,MDT,PIT,185,NA,NA,0,NA,0,NA,NA,NA,NA,NA
1991,1,5,6,1143,1140,1303,1231,US,128,NA,80,51,NA,32,3,MDT,PIT,185,NA,NA,0,NA,0,NA,NA,NA,NA,NA
1991,1,6,7,1140,1140,1233,1231,US,128,NA,53,51,NA,2,0,MDT,PIT,185,NA,NA,0,NA,0,NA,NA,NA,NA,NA
1991,1,1,2,1333,1315,1425,1413,US,128,NA,52,58,NA,12,18,PIT,ROC,224,NA,NA,0,NA,0,NA,NA,NA,NA,NA
1991,1,2,3,1325,1315,1422,1413,US,128,NA,57,58,NA,9,10,PIT,ROC,224,NA,NA,0,NA,0,NA,NA,NA,NA,NA
1991,1,3,4,1341,1315,1447,1413,US,128,NA,66,58,NA,34,26,PIT,ROC,224,NA,NA,0,NA,0,NA,NA,NA,NA,NA
1991,1,4,5,1322,1315,1423,1413,US,128,NA,61,58,NA,10,7,PIT,ROC,224,NA,NA,0,NA,0,NA,NA,NA,NA,NA
1991,1,5,6,1350,1315,1444,1413,US,128,NA,54,58,NA,31,35,PIT,ROC,224,NA,NA,0,NA,0,NA,NA,NA,NA,NA
1991,1,6,7,1326,1315,1453,1413,US,128,NA,87,58,NA,40,11,PIT,ROC,224,NA,NA,0,NA,0,NA,NA,NA,NA,NA
1991,1,9,3,1324,1315,1421,1413,US,128,NA,57,58,NA,8,9,PIT,ROC,224,NA,NA,0,NA,0,NA,NA,NA,NA,NA
1991,1,10,4,1318,1315,1408,1413,US,128,NA,50,58,NA,-5,3,PIT,ROC,224,NA,NA,0,NA,0,NA,NA,NA,NA,NA
1991,1,11,5,1329,1315,1434,1413,US,128,NA,65,58,NA,21,14,PIT,ROC,224,NA,NA,0,NA,0,NA,NA,NA,NA,NA
1991,1,12,6,1319,1315,1421,1413,US,128,NA,62,58,NA,8,4,PIT,ROC,224,NA,NA,0,NA,0,NA,NA,NA,NA,NA
1991,1,13,7,1329,1315,1429,1413,US,128,NA,60,58,NA,16,14,PIT,ROC,224,NA,NA,0,NA,0,NA,NA,NA,NA,NA
1991,1,14,1,1318,1315,1416,1413,US,128,NA,58,58,NA,3,3,PIT,ROC,224,NA,NA,0,NA,0,NA,NA,NA,NA,NA
1991,1,15,2,1315,1315,1359,1413,US,128,NA,44,58,NA,-14,0,PIT,ROC,224,NA,NA,0,NA,0,NA,NA,NA,NA,NA
1991,1,16,3,1320,1315,1413,1413,US,128,NA,53,58,NA,0,5,PIT,ROC,224,NA,NA,0,NA,0,NA,NA,NA,NA,NA
1991,1,17,4,1338,1315,1441,1413,US,128,NA,63,58,NA,28,23,PIT,ROC,224,NA,NA,0,NA,0,NA,NA,NA,NA,NA
1991,1,18,5,1330,1315,1446,1413,US,128,NA,76,58,NA,33,15,PIT,ROC,224,NA,NA,0,NA,0,NA,NA,NA,NA,NA
1991,1,19,6,1318,1315,1403,1413,US,128,NA,45,58,NA,-10,3,PIT,ROC,224,NA,NA,0,NA,0,NA,NA,NA,NA,NA
1991,1,20,7,1314,1315,1407,1413,US,128,NA,53,58,NA,-6,-1,PIT,ROC,224,NA,NA,0,NA,0,NA,NA,NA,NA,NA
1991,1,21,1,1313,1315,1401,1413,US,128,NA,48,58,NA,-12,-2,PIT,ROC,224,NA,NA,0,NA,0,NA,NA,NA,NA,NA
1991,1,22,2,1312,1315,1405,1413,US,128,NA,53,58,NA,-8,-3,PIT,ROC,224,NA,NA,0,NA,0,NA,NA,NA,NA,NA
1991,1,23,3,1317,1315,1407,1413,US,128,NA,50,58,NA,-6,2,PIT,ROC,224,NA,NA,0,NA,0,NA,NA,NA,NA,NA
1991,1,24,4,1317,1315,1410,1413,US,128,NA,53,58,NA,-3,2,PIT,ROC,224,NA,NA,0,NA,0,NA,NA,NA,NA,NA
1991,1,25,5,1314,1315,1407,1413,US,128,NA,53,58,NA,-6,-1,PIT,ROC,224,NA,NA,0,NA,0,NA,NA,NA,NA,NA
1991,1,26,6,1330,1315,1414,1413,US,128,NA,44,58,NA,1,15,PIT,ROC,224,NA,NA,0,NA,0,NA,NA,NA,NA,NA
1991,1,27,7,1314,1315,1400,1413,US,128,NA,46,58,NA,-13,-1,PIT,ROC,224,NA,NA,0,NA,0,NA,NA,NA,NA,NA
1991,1,28,1,1319,1315,1416,1413,US,128,NA,57,58,NA,3,4,PIT,ROC,224,NA,NA,0,NA,0,NA,NA,NA,NA,NA
1991,1,29,2,1313,1315,1354,1413,US,128,NA,41,58,NA,-19,-2,PIT,ROC,224,NA,NA,0,NA,0,NA,NA,NA,NA,NA
1991,1,30,3,1313,1315,1400,1413,US,128,NA,47,58,NA,-13,-2,PIT,ROC,224,NA,NA,0,NA,0,NA,NA,NA,NA,NA
1991,1,31,4,1320,1315,1426,1413,US,128,NA,66,58,NA,13,5,PIT,ROC,224,NA,NA,0,NA,0,NA,NA,NA,NA,NA
1991,1,8,2,1504,1505,1703,1657,US,129,NA,119,112,NA,6,-1,EWR,CLT,529,NA,NA,0,NA,0,NA,NA,NA,NA,NA
1991,1,9,3,1507,1505,1656,1657,US,129,NA,109,112,NA,-1,2,EWR,CLT,529,NA,NA,0,NA,0,NA,NA,NA,NA,NA
1991,1,10,4,1502,1505,1645,1657,US,129,NA,103,112,NA,-12,-3,EWR,CLT,529,NA,NA,0,NA,0,NA,NA,NA,NA,NA
1991,1,11,5,1732,1505,1943,1657,US,129,NA,131,112,NA,166,147,EWR,CLT,529,NA,NA,0,NA,0,NA,NA,NA,NA,NA
1991,1,12,6,1505,1505,1706,1657,US,129,NA,121,112,NA,9,0,EWR,CLT,529,NA,NA,0,NA,0,NA,NA,NA,NA,NA
1991,1,13,7,1504,1505,1647,1657,US,129,NA,103,112,NA,-10,-1,EWR,CLT,529,NA,NA,0,NA,0,NA,NA,NA,NA,NA
1991,1,14,1,1505,1505,1651,1657,US,129,NA,106,112,NA,-6,0,EWR,CLT,529,NA,NA,0,NA,0,NA,NA,NA,NA,NA
1991,1,15,2,1505,1505,1643,1657,US,129,NA,98,112,NA,-14,0,EWR,CLT,529,NA,NA,0,NA,0,NA,NA,NA,NA,NA
1991,1,16,3,1506,1505,1701,1657,US,129,NA,115,112,NA,4,1,EWR,CLT,529,NA,NA,0,NA,0,NA,NA,NA,NA,NA
1991,1,17,4,1528,1505,1717,1657,US,129,NA,109,112,NA,20,23,EWR,CLT,529,NA,NA,0,NA,0,NA,NA,NA,NA,NA
1991,1,18,5,1506,1505,1705,1657,US,129,NA,119,112,NA,8,1,EWR,CLT,529,NA,NA,0,NA,0,NA,NA,NA,NA,NA
1991,1,19,6,1512,1505,1704,1657,US,129,NA,112,112,NA,7,7,EWR,CLT,529,NA,NA,0,NA,0,NA,NA,NA,NA,NA
1991,1,20,7,1505,1505,1652,1657,US,129,NA,107,112,NA,-5,0,EWR,CLT,529,NA,NA,0,NA,0,NA,NA,NA,NA,NA
1991,1,21,1,1514,1505,1709,1657,US,129,NA,115,112,NA,12,9,EWR,CLT,529,NA,NA,0,NA,0,NA,NA,NA,NA,NA
1991,1,22,2,1501,1505,1641,1657,US,129,NA,100,112,NA,-16,-4,EWR,CLT,529,NA,NA,0,NA,0,NA,NA,NA,NA,NA
1991,1,23,3,1508,1505,1702,1657,US,129,NA,114,112,NA,5,3,EWR,CLT,529,NA,NA,0,NA,0,NA,NA,NA,NA,NA
1991,1,24,4,1526,1505,1728,1657,US,129,NA,122,112,NA,31,21,EWR,CLT,529,NA,NA,0,NA,0,NA,NA,NA,NA,NA
1991,1,25,5,1518,1505,1717,1657,US,129,NA,119,112,NA,20,13,EWR,CLT,529,NA,NA,0,NA,0,NA,NA,NA,NA,NA
1991,1,26,6,1505,1505,1700,1657,US,129,NA,115,112,NA,3,0,EWR,CLT,529,NA,NA,0,NA,0,NA,NA,NA,NA,NA
1991,1,27,7,1504,1505,1651,1657,US,129,NA,107,112,NA,-6,-1,EWR,CLT,529,NA,NA,0,NA,0,NA,NA,NA,NA,NA
1991,1,28,1,1504,1505,1657,1657,US,129,NA,113,112,NA,0,-1,EWR,CLT,529,NA,NA,0,NA,0,NA,NA,NA,NA,NA
1991,1,29,2,1500,1505,1650,1657,US,129,NA,110,112,NA,-7,-5,EWR,CLT,529,NA,NA,0,NA,0,NA,NA,NA,NA,NA
1991,1,30,3,1506,1505,1714,1657,US,129,NA,128,112,NA,17,1,EWR,CLT,529,NA,NA,0,NA,0,NA,NA,NA,NA,NA
1991,1,31,4,1503,1505,1709,1657,US,129,NA,126,112,NA,12,-2,EWR,CLT,529,NA,NA,0,NA,0,NA,NA,NA,NA,NA
1991,1,8,2,1334,1330,1431,1425,US,129,NA,57,55,NA,6,4,SYR,EWR,194,NA,NA,0,NA,0,NA,NA,NA,NA,NA
1991,1,9,3,NA,1330,NA,1425,US,129,NA,NA,55,NA,NA,NA,SYR,EWR,194,NA,NA,1,NA,0,NA,NA,NA,NA,NA
1991,1,10,4,1326,1330,1425,1425,US,129,NA,59,55,NA,0,-4,SYR,EWR,194,NA,NA,0,NA,0,NA,NA,NA,NA,NA
1991,1,11,5,1401,1330,1509,1425,US,129,NA,68,55,NA,44,31,SYR,EWR,194,NA,NA,0,NA,0,NA,NA,NA,NA,NA
1991,1,12,6,1336,1330,1432,1425,US,129,NA,56,55,NA,7,6,SYR,EWR,194,NA,NA,0,NA,0,NA,NA,NA,NA,NA
1991,1,14,1,1326,1330,1423,1425,US,129,NA,57,55,NA,-2,-4,SYR,EWR,194,NA,NA,0,NA,0,NA,NA,NA,NA,NA
1991,1,15,2,1328,1330,1429,1425,US,129,NA,61,55,NA,4,-2,SYR,EWR,194,NA,NA,0,NA,0,NA,NA,NA,NA,NA
1991,1,16,3,NA,1330,NA,1425,US,129,NA,NA,55,NA,NA,NA,SYR,EWR,194,NA,NA,1,NA,0,NA,NA,NA,NA,NA
1991,1,17,4,1340,1330,1444,1425,US,129,NA,64,55,NA,19,10,SYR,EWR,194,NA,NA,0,NA,0,NA,NA,NA,NA,NA
1991,1,18,5,1329,1330,1431,1425,US,129,NA,62,55,NA,6,-1,SYR,EWR,194,NA,NA,0,NA,0,NA,NA,NA,NA,NA
1991,1,19,6,1330,1330,1423,1425,US,129,NA,53,55,NA,-2,0,SYR,EWR,194,NA,NA,0,NA,0,NA,NA,NA,NA,NA
1991,1,21,1,1356,1330,1455,1425,US,129,NA,59,55,NA,30,26,SYR,EWR,194,NA,NA,0,NA,0,NA,NA,NA,NA,NA
1991,1,22,2,1328,1330,1431,1425,US,129,NA,63,55,NA,6,-2,SYR,EWR,194,NA,NA,0,NA,0,NA,NA,NA,NA,NA
1991,1,23,3,1328,1330,1429,1425,US,129,NA,61,55,NA,4,-2,SYR,EWR,194,NA,NA,0,NA,0,NA,NA,NA,NA,NA
1991,1,24,4,1336,1330,1427,1425,US,129,NA,51,55,NA,2,6,SYR,EWR,194,NA,NA,0,NA,0,NA,NA,NA,NA,NA
1991,1,25,5,1328,1330,1435,1425,US,129,NA,67,55,NA,10,-2,SYR,EWR,194,NA,NA,0,NA,0,NA,NA,NA,NA,NA
1991,1,26,6,1331,1330,1428,1425,US,129,NA,57,55,NA,3,1,SYR,EWR,194,NA,NA,0,NA,0,NA,NA,NA,NA,NA
1991,1,28,1,1330,1330,1424,1425,US,129,NA,54,55,NA,-1,0,SYR,EWR,194,NA,NA,0,NA,0,NA,NA,NA,NA,NA
1991,1,29,2,1332,1330,1425,1425,US,129,NA,53,55,NA,0,2,SYR,EWR,194,NA,NA,0,NA,0,NA,NA,NA,NA,NA
1991,1,30,3,1334,1330,1421,1425,US,129,NA,47,55,NA,-4,4,SYR,EWR,194,NA,NA,0,NA,0,NA,NA,NA,NA,NA
1991,1,31,4,1341,1330,1432,1425,US,129,NA,51,55,NA,7,11,SYR,EWR,194,NA,NA,0,NA,0,NA,NA,NA,NA,NA
1991,1,1,2,1115,1115,1222,1227,US,130,NA,67,72,NA,-5,0,ACY,PIT,309,NA,NA,0,NA,0,NA,NA,NA,NA,NA
1991,1,2,3,1113,1115,1216,1227,US,130,NA,63,72,NA,-11,-2,ACY,PIT,309,NA,NA,0,NA,0,NA,NA,NA,NA,NA
1991,1,3,4,1113,1115,1220,1227,US,130,NA,67,72,NA,-7,-2,ACY,PIT,309,NA,NA,0,NA,0,NA,NA,NA,NA,NA
1991,1,4,5,1113,1115,1220,1227,US,130,NA,67,72,NA,-7,-2,ACY,PIT,309,NA,NA,0,NA,0,NA,NA,NA,NA,NA
1991,1,5,6,1118,1115,1259,1227,US,130,NA,101,72,NA,32,3,ACY,PIT,309,NA,NA,0,NA,0,NA,NA,NA,NA,NA
1991,1,6,7,1111,1115,1223,1227,US,130,NA,72,72,NA,-4,-4,ACY,PIT,309,NA,NA,0,NA,0,NA,NA,NA,NA,NA
1991,1,7,1,1118,1115,1253,1227,US,130,NA,95,72,NA,26,3,ACY,PIT,309,NA,NA,0,NA,0,NA,NA,NA,NA,NA
1991,1,8,2,1112,1115,1223,1227,US,130,NA,71,72,NA,-4,-3,ACY,PIT,309,NA,NA,0,NA,0,NA,NA,NA,NA,NA
1991,1,9,3,1118,1115,1227,1227,US,130,NA,69,72,NA,0,3,ACY,PIT,309,NA,NA,0,NA,0,NA,NA,NA,NA,NA
1991,1,10,4,1113,1115,1217,1227,US,130,NA,64,72,NA,-10,-2,ACY,PIT,309,NA,NA,0,NA,0,NA,NA,NA,NA,NA
1991,1,11,5,1114,1115,1253,1227,US,130,NA,99,72,NA,26,-1,ACY,PIT,309,NA,NA,0,NA,0,NA,NA,NA,NA,NA
1991,1,12,6,1114,1115,1226,1227,US,130,NA,72,72,NA,-1,-1,ACY,PIT,309,NA,NA,0,NA,0,NA,NA,NA,NA,NA
1991,1,13,7,1115,1115,1224,1227,US,130,NA,69,72,NA,-3,0,ACY,PIT,309,NA,NA,0,NA,0,NA,NA,NA,NA,NA
1991,1,14,1,1111,1115,1221,1227,US,130,NA,70,72,NA,-6,-4,ACY,PIT,309,NA,NA,0,NA,0,NA,NA,NA,NA,NA
1991,1,15,2,1119,1115,1223,1227,US,130,NA,64,72,NA,-4,4,ACY,PIT,309,NA,NA,0,NA,0,NA,NA,NA,NA,NA
1991,1,16,3,1110,1115,1226,1227,US,130,NA,76,72,NA,-1,-5,ACY,PIT,309,NA,NA,0,NA,0,NA,NA,NA,NA,NA
1991,1,17,4,1111,1115,1219,1227,US,130,NA,68,72,NA,-8,-4,ACY,PIT,309,NA,NA,0,NA,0,NA,NA,NA,NA,NA
1991,1,18,5,1123,1115,1241,1227,US,130,NA,78,72,NA,14,8,ACY,PIT,309,NA,NA,0,NA,0,NA,NA,NA,NA,NA
1991,1,19,6,1115,1115,1221,1227,US,130,NA,66,72,NA,-6,0,ACY,PIT,309,NA,NA,0,NA,0,NA,NA,NA,NA,NA
1991,1,20,7,1112,1115,1220,1227,US,130,NA,68,72,NA,-7,-3,ACY,PIT,309,NA,NA,0,NA,0,NA,NA,NA,NA,NA
1991,1,21,1,1112,1115,1231,1227,US,130,NA,79,72,NA,4,-3,ACY,PIT,309,NA,NA,0,NA,0,NA,NA,NA,NA,NA
1991,1,22,2,1128,1115,1229,1227,US,130,NA,61,72,NA,2,13,ACY,PIT,309,NA,NA,0,NA,0,NA,NA,NA,NA,NA
1991,1,23,3,1113,1115,1226,1227,US,130,NA,73,72,NA,-1,-2,ACY,PIT,309,NA,NA,0,NA,0,NA,NA,NA,NA,NA
1991,1,24,4,1115,1115,1234,1227,US,130,NA,79,72,NA,7,0,ACY,PIT,309,NA,NA,0,NA,0,NA,NA,NA,NA,NA
1991,1,25,5,1115,1115,1224,1227,US,130,NA,69,72,NA,-3,0,ACY,PIT,309,NA,NA,0,NA,0,NA,NA,NA,NA,NA
1991,1,26,6,1116,1115,1227,1227,US,130,NA,71,72,NA,0,1,ACY,PIT,309,NA,NA,0,NA,0,NA,NA,NA,NA,NA
1991,1,27,7,1113,1115,1224,1227,US,130,NA,71,72,NA,-3,-2,ACY,PIT,309,NA,NA,0,NA,0,NA,NA,NA,NA,NA
1991,1,28,1,1112,1115,1226,1227,US,130,NA,74,72,NA,-1,-3,ACY,PIT,309,NA,NA,0,NA,0,NA,NA,NA,NA,NA
1991,1,29,2,1115,1115,1220,1227,US,130,NA,65,72,NA,-7,0,ACY,PIT,309,NA,NA,0,NA,0,NA,NA,NA,NA,NA
1991,1,30,3,1111,1115,1228,1227,US,130,NA,77,72,NA,1,-4,ACY,PIT,309,NA,NA,0,NA,0,NA,NA,NA,NA,NA
1991,1,31,4,1113,1115,1240,1227,US,130,NA,87,72,NA,13,-2,ACY,PIT,309,NA,NA,0,NA,0,NA,NA,NA,NA,NA
1991,1,1,2,1332,1325,1401,1355,US,130,NA,89,90,NA,6,7,PIT,MDW,402,NA,NA,0,NA,0,NA,NA,NA,NA,NA
1991,1,2,3,1323,1325,1354,1355,US,130,NA,91,90,NA,-1,-2,PIT,MDW,402,NA,NA,0,NA,0,NA,NA,NA,NA,NA
1991,1,3,4,1331,1325,1409,1355,US,130,NA,98,90,NA,14,6,PIT,MDW,402,NA,NA,0,NA,0,NA,NA,NA,NA,NA
1991,1,4,5,1324,1325,1350,1355,US,130,NA,86,90,NA,-5,-1,PIT,MDW,402,NA,NA,0,NA,0,NA,NA,NA,NA,NA
1991,1,5,6,1402,1325,1452,1355,US,130,NA,110,90,NA,57,37,PIT,MDW,402,NA,NA,0,NA,0,NA,NA,NA,NA,NA
1991,1,6,7,1325,1325,1402,1355,US,130,NA,97,90,NA,7,0,PIT,MDW,402,NA,NA,0,NA,0,NA,NA,NA,NA,NA
1991,1,7,1,1323,1325,1355,1355,US,130,NA,92,90,NA,0,-2,PIT,MDW,402,NA,NA,0,NA,0,NA,NA,NA,NA,NA
1991,1,8,2,1324,1325,1413,1355,US,130,NA,109,90,NA,18,-1,PIT,MDW,402,NA,NA,0,NA,0,NA,NA,NA,NA,NA
1991,1,9,3,1324,1325,1407,1355,US,130,NA,103,90,NA,12,-1,PIT,MDW,402,NA,NA,0,NA,0,NA,NA,NA,NA,NA
1991,1,10,4,1323,1325,1357,1355,US,130,NA,94,90,NA,2,-2,PIT,MDW,402,NA,NA,0,NA,0,NA,NA,NA,NA,NA
1991,1,11,5,NA,1325,NA,1355,US,130,NA,NA,90,NA,NA,NA,PIT,MDW,402,NA,NA,1,NA,0,NA,NA,NA,NA,NA
1991,1,12,6,1332,1325,1359,1355,US,130,NA,87,90,NA,4,7,PIT,MDW,402,NA,NA,0,NA,0,NA,NA,NA,NA,NA
1991,1,13,7,1328,1325,1353,1355,US,130,NA,85,90,NA,-2,3,PIT,MDW,402,NA,NA,0,NA,0,NA,NA,NA,NA,NA
1991,1,14,1,1326,1325,1409,1355,US,130,NA,103,90,NA,14,1,PIT,MDW,402,NA,NA,0,NA,0,NA,NA,NA,NA,NA
1991,1,15,2,1333,1325,1404,1355,US,130,NA,91,90,NA,9,8,PIT,MDW,402,NA,NA,0,NA,0,NA,NA,NA,NA,NA
1991,1,16,3,1326,1325,1353,1355,US,130,NA,87,90,NA,-2,1,PIT,MDW,402,NA,NA,0,NA,0,NA,NA,NA,NA,NA
1991,1,17,4,1327,1325,1359,1355,US,130,NA,92,90,NA,4,2,PIT,MDW,402,NA,NA,0,NA,0,NA,NA,NA,NA,NA
1991,1,18,5,1332,1325,1423,1355,US,130,NA,111,90,NA,28,7,PIT,MDW,402,NA,NA,0,NA,0,NA,NA,NA,NA,NA
1991,1,19,6,1321,1325,1355,1355,US,130,NA,94,90,NA,0,-4,PIT,MDW,402,NA,NA,0,NA,0,NA,NA,NA,NA,NA
1991,1,20,7,1321,1325,1402,1355,US,130,NA,101,90,NA,7,-4,PIT,MDW,402,NA,NA,0,NA,0,NA,NA,NA,NA,NA
1991,1,21,1,1414,1325,1447,1355,US,130,NA,93,90,NA,52,49,PIT,MDW,402,NA,NA,0,NA,0,NA,NA,NA,NA,NA
1991,1,22,2,1329,1325,1406,1355,US,130,NA,97,90,NA,11,4,PIT,MDW,402,NA,NA,0,NA,0,NA,NA,NA,NA,NA
1991,1,23,3,1328,1325,1425,1355,US,130,NA,117,90,NA,30,3,PIT,MDW,402,NA,NA,0,NA,0,NA,NA,NA,NA,NA
1991,1,24,4,1326,1325,1404,1355,US,130,NA,98,90,NA,9,1,PIT,MDW,402,NA,NA,0,NA,0,NA,NA,NA,NA,NA
1991,1,25,5,1324,1325,1402,1355,US,130,NA,98,90,NA,7,-1,PIT,MDW,402,NA,NA,0,NA,0,NA,NA,NA,NA,NA
1991,1,26,6,1323,1325,1411,1355,US,130,NA,108,90,NA,16,-2,PIT,MDW,402,NA,NA,0,NA,0,NA,NA,NA,NA,NA
1991,1,27,7,1325,1325,1406,1355,US,130,NA,101,90,NA,11,0,PIT,MDW,402,NA,NA,0,NA,0,NA,NA,NA,NA,NA
1991,1,28,1,1325,1325,1413,1355,US,130,NA,108,90,NA,18,0,PIT,MDW,402,NA,NA,0,NA,0,NA,NA,NA,NA,NA
1991,1,30,3,1326,1325,1440,1355,US,130,NA,134,90,NA,45,1,PIT,MDW,402,NA,NA,0,NA,0,NA,NA,NA,NA,NA
1991,1,31,4,NA,1325,NA,1355,US,130,NA,NA,90,NA,NA,NA,PIT,MDW,402,NA,NA,1,NA,0,NA,NA,NA,NA,NA
1991,1,8,2,1235,1235,1341,1339,US,131,NA,66,64,NA,2,0,AVP,PIT,243,NA,NA,0,NA,0,NA,NA,NA,NA,NA
1991,1,9,3,1235,1235,1347,1339,US,131,NA,72,64,NA,8,0,AVP,PIT,243,NA,NA,0,NA,0,NA,NA,NA,NA,NA
1991,1,10,4,1243,1235,1349,1339,US,131,NA,66,64,NA,10,8,AVP,PIT,243,NA,NA,0,NA,0,NA,NA,NA,NA,NA
1991,1,11,5,1241,1235,1347,1339,US,131,NA,66,64,NA,8,6,AVP,PIT,243,NA,NA,0,NA,0,NA,NA,NA,NA,NA
1991,1,12,6,1237,1235,1339,1339,US,131,NA,62,64,NA,0,2,AVP,PIT,243,NA,NA,0,NA,0,NA,NA,NA,NA,NA
1991,1,13,7,1238,1235,1346,1339,US,131,NA,68,64,NA,7,3,AVP,PIT,243,NA,NA,0,NA,0,NA,NA,NA,NA,NA
1991,1,14,1,1236,1235,1340,1339,US,131,NA,64,64,NA,1,1,AVP,PIT,243,NA,NA,0,NA,0,NA,NA,NA,NA,NA
1991,1,15,2,1233,1235,1341,1339,US,131,NA,68,64,NA,2,-2,AVP,PIT,243,NA,NA,0,NA,0,NA,NA,NA,NA,NA
1991,1,16,3,1233,1235,1353,1339,US,131,NA,80,64,NA,14,-2,AVP,PIT,243,NA,NA,0,NA,0,NA,NA,NA,NA,NA
1991,1,17,4,1236,1235,1346,1339,US,131,NA,70,64,NA,7,1,AVP,PIT,243,NA,NA,0,NA,0,NA,NA,NA,NA,NA
1991,1,18,5,1233,1235,1333,1339,US,131,NA,60,64,NA,-6,-2,AVP,PIT,243,NA,NA,0,NA,0,NA,NA,NA,NA,NA
1991,1,19,6,1233,1235,1330,1339,US,131,NA,57,64,NA,-9,-2,AVP,PIT,243,NA,NA,0,NA,0,NA,NA,NA,NA,NA
1991,1,20,7,1234,1235,1341,1339,US,131,NA,67,64,NA,2,-1,AVP,PIT,243,NA,NA,0,NA,0,NA,NA,NA,NA,NA
1991,1,21,1,1235,1235,1336,1339,US,131,NA,61,64,NA,-3,0,AVP,PIT,243,NA,NA,0,NA,0,NA,NA,NA,NA,NA
1991,1,22,2,1234,1235,1333,1339,US,131,NA,59,64,NA,-6,-1,AVP,PIT,243,NA,NA,0,NA,0,NA,NA,NA,NA,NA
1991,1,23,3,1231,1235,1328,1339,US,131,NA,57,64,NA,-11,-4,AVP,PIT,243,NA,NA,0,NA,0,NA,NA,NA,NA,NA
1991,1,24,4,1234,1235,1339,1339,US,131,NA,65,64,NA,0,-1,AVP,PIT,243,NA,NA,0,NA,0,NA,NA,NA,NA,NA
1991,1,25,5,1234,1235,1334,1339,US,131,NA,60,64,NA,-5,-1,AVP,PIT,243,NA,NA,0,NA,0,NA,NA,NA,NA,NA
1991,1,26,6,1234,1235,1401,1339,US,131,NA,87,64,NA,22,-1,AVP,PIT,243,NA,NA,0,NA,0,NA,NA,NA,NA,NA
1991,1,27,7,1233,1235,1348,1339,US,131,NA,75,64,NA,9,-2,AVP,PIT,243,NA,NA,0,NA,0,NA,NA,NA,NA,NA
1991,1,28,1,1233,1235,1330,1339,US,131,NA,57,64,NA,-9,-2,AVP,PIT,243,NA,NA,0,NA,0,NA,NA,NA,NA,NA
1991,1,29,2,1233,1235,1336,1339,US,131,NA,63,64,NA,-3,-2,AVP,PIT,243,NA,NA,0,NA,0,NA,NA,NA,NA,NA
1991,1,30,3,1303,1235,1408,1339,US,131,NA,65,64,NA,29,28,AVP,PIT,243,NA,NA,0,NA,0,NA,NA,NA,NA,NA
1991,1,31,4,1235,1235,1354,1339,US,131,NA,79,64,NA,15,0,AVP,PIT,243,NA,NA,0,NA,0,NA,NA,NA,NA,NA
